id,council_ref,council_name,reference,description,address,postcode,status,app_type,date_received,date_validated,date_decided,lat,lng,portal_url,application_url,scraped_at
E60000071_TCT82YJBGNS00,E60000071,Leeds,"Certificate of Proposed Lawful Development for an extension to the gable, dormer window to the rear ",,22 King Alfreds Walk Meanwood Leeds LS6 4PY,LS6 4PY,,,,,,,,https://publicaccess.leeds.gov.uk/online-applications,https://publicaccess.leeds.gov.uk/online-applications/applicationDetails.do?activeTab=summary&keyVal=TCT82YJBGNS00,2026-05-01T22:41:59.257852
E60000071_TCSX83JBGKG00,E60000071,Leeds,"Conversion of integrated garage to form habitable space at front; part first floor side extension, s",,2 Parkwood Gardens Gledhow Leeds LS8 1JR,LS8 1JR,,,,,,,,https://publicaccess.leeds.gov.uk/online-applications,https://publicaccess.leeds.gov.uk/online-applications/applicationDetails.do?activeTab=summary&keyVal=TCSX83JBGKG00,2026-05-01T22:41:59.148198
E60000071_TCSX8JJBGKI00,E60000071,Leeds,To carry out all works outlined within the attached Tree Survey. The works to the roadside trees has,,Park Side Moor Road Bramhope Leeds LS16 9HH,LS16 9HH,,,,,,,,https://publicaccess.leeds.gov.uk/online-applications,https://publicaccess.leeds.gov.uk/online-applications/applicationDetails.do?activeTab=summary&keyVal=TCSX8JJBGKI00,2026-05-01T22:41:59.038659
E60000071_TCT5K8JB0C000,E60000071,Leeds,Conversion of integrated garage at front to form habitable space; new ground floor window to side,,16 Burr Tree Drive Colton Leeds LS15 9ED,LS15 9ED,,,,,,,,https://publicaccess.leeds.gov.uk/online-applications,https://publicaccess.leeds.gov.uk/online-applications/applicationDetails.do?activeTab=summary&keyVal=TCT5K8JB0C000,2026-05-01T22:41:58.930038
E60000071_TCSWW5JBGJO00,E60000071,Leeds,Certificate of Existing Lawful Development for Use as a house in multiple occupation,,8 Regent Terrace Hyde Park Leeds LS6 1NP,LS6 1NP,,,,,,53.808667,-1.568299,https://publicaccess.leeds.gov.uk/online-applications,https://publicaccess.leeds.gov.uk/online-applications/applicationDetails.do?activeTab=summary&keyVal=TCSWW5JBGJO00,2026-05-01T22:41:58.818224
E60000071_TCSWYOJBGJU00,E60000071,Leeds,Certificate of Existing Lawful Development for Use as a house in multiple occupation,,18 Hessle Avenue Hyde Park Leeds LS6 1EF,LS6 1EF,,,,,,,,https://publicaccess.leeds.gov.uk/online-applications,https://publicaccess.leeds.gov.uk/online-applications/applicationDetails.do?activeTab=summary&keyVal=TCSWYOJBGJU00,2026-05-01T22:41:58.698748
E60000071_TCSWZIJBGJW00,E60000071,Leeds,Listed building application for Installation of new Air Handling Unit (AHU) with associated plant eq,,Spire Leeds Hospital Jackson Avenue Gledhow Leeds LS8 1NT,LS8 1NT,,,,,,53.832485,-1.513933,https://publicaccess.leeds.gov.uk/online-applications,https://publicaccess.leeds.gov.uk/online-applications/applicationDetails.do?activeTab=summary&keyVal=TCSWZIJBGJW00,2026-05-01T22:41:58.587605
E60000071_TCSX04JBGJY00,E60000071,Leeds,Certificate of Existing Lawful Development for Use as a house in multiple occupation,,18 Welton Mount Hyde Park Leeds LS6 1ET,LS6 1ET,,,,,,,,https://publicaccess.leeds.gov.uk/online-applications,https://publicaccess.leeds.gov.uk/online-applications/applicationDetails.do?activeTab=summary&keyVal=TCSX04JBGJY00,2026-05-01T22:41:58.470192
E60000071_TCTDIIJBGPQ00,E60000071,Leeds,"Removal of old porch to replace with new proch to front; part two storey, part single storey side/re",,1 Chapel Yard Oulton Leeds LS26 8JG,LS26 8JG,,,,,,,,https://publicaccess.leeds.gov.uk/online-applications,https://publicaccess.leeds.gov.uk/online-applications/applicationDetails.do?activeTab=summary&keyVal=TCTDIIJBGPQ00,2026-05-01T22:41:58.113894
E60000071_TCTDJKJBGPW00,E60000071,Leeds,Relocate entrance door from side elevation of existing porch to front; remove existing white UPVC cl,,3 Gladstone Terrace Stanningley Pudsey LS28 6NE,LS28 6NE,,,,,,53.80764,-1.653546,https://publicaccess.leeds.gov.uk/online-applications,https://publicaccess.leeds.gov.uk/online-applications/applicationDetails.do?activeTab=summary&keyVal=TCTDJKJBGPW00,2026-05-01T22:41:57.937551
E60000071_TCSWXJJBGJS00,E60000071,Leeds,Installation of new Air Handling Unit (AHU) with associated plant equipment and ductwork and new can,,Spire Leeds Hospital Jackson Avenue Gledhow Leeds LS8 1NT,LS8 1NT,,,,,,53.832485,-1.513933,https://publicaccess.leeds.gov.uk/online-applications,https://publicaccess.leeds.gov.uk/online-applications/applicationDetails.do?activeTab=summary&keyVal=TCSWXJJBGJS00,2026-05-01T22:41:53.539216
E60000071_TCT804JBGNL00,E60000071,Leeds,"Raising the roof height forming a new floor, dormer window to rear with juliette balcony and roof li",,11 Birchfield Avenue Gildersome Morley Leeds LS27 7HU,LS27 7HU,,,,,,53.755974,-1.634541,https://publicaccess.leeds.gov.uk/online-applications,https://publicaccess.leeds.gov.uk/online-applications/applicationDetails.do?activeTab=summary&keyVal=TCT804JBGNL00,2026-05-01T22:41:53.437603
E60000071_TCTB5NJB33M00,E60000071,Leeds,2 x Oak: Cut back the lateral branches of trees by 1m on the trees Aspect 52 degrees Northeast. Oak:,,58 Mawcroft Close Rawdon Leeds LS19 6DG,LS19 6DG,,,,,,53.856804,-1.68981,https://publicaccess.leeds.gov.uk/online-applications,https://publicaccess.leeds.gov.uk/online-applications/applicationDetails.do?activeTab=summary&keyVal=TCTB5NJB33M00,2026-05-01T22:41:52.411101
E60000071_TCSX2BJBGK300,E60000071,Leeds,Certificate of Existing Lawful Development for Use as a house in multiple occupation,,15 Grimthorpe Street Headingley Leeds LS6 3JU,LS6 3JU,,,,,,53.821485,-1.583722,https://publicaccess.leeds.gov.uk/online-applications,https://publicaccess.leeds.gov.uk/online-applications/applicationDetails.do?activeTab=summary&keyVal=TCSX2BJBGK300,2026-05-01T22:41:51.183554
E60000071_TCV3V1JB2QX00,E60000071,Leeds,"Front extension to outbuilding, rooflights and fenestration alteration to dwelling.",,7 Scarcroft Crescent Scarcroft Leeds LS14 3FE,LS14 3FE,,,,,,53.863287,-1.453287,https://publicaccess.leeds.gov.uk/online-applications,https://publicaccess.leeds.gov.uk/online-applications/applicationDetails.do?activeTab=summary&keyVal=TCV3V1JB2QX00,2026-05-01T22:41:50.055133
E60000071_TCSX2WJBGK500,E60000071,Leeds,Reserved matters application for 50 dwellings and 4 apartments to outline permission 21/10203/OT NON,,Land Rear Of Owlcotes Road Pudsey Leeds,,,,,,,,,https://publicaccess.leeds.gov.uk/online-applications,https://publicaccess.leeds.gov.uk/online-applications/applicationDetails.do?activeTab=summary&keyVal=TCSX2WJBGK500,2026-05-01T22:41:49.034355
E60000071_TCSX75JBGKE00,E60000071,Leeds,Certificate of Existing Lawful Development for Use as a house in multiple occupation,,2 Regent Terrace Hyde Park Leeds LS6 1NP,LS6 1NP,,,,,,53.808667,-1.568299,https://publicaccess.leeds.gov.uk/online-applications,https://publicaccess.leeds.gov.uk/online-applications/applicationDetails.do?activeTab=summary&keyVal=TCSX75JBGKE00,2026-05-01T22:41:49.033559
E60000071_TCTDHXJBGPO00,E60000071,Leeds,"Demolition of existing side and rear extension; construction of part single-storey, part two-storey ",,Highlands Margaret Avenue Bardsey Leeds LS17 9AT,LS17 9AT,,,,,,53.887855,-1.440551,https://publicaccess.leeds.gov.uk/online-applications,https://publicaccess.leeds.gov.uk/online-applications/applicationDetails.do?activeTab=summary&keyVal=TCTDHXJBGPO00,2026-05-01T22:41:48.000078
E60000071_TCSWWHJBGJQ00,E60000071,Leeds,One illuminated fascia sign; one illuminated projecting sign,,619 - 621 Roundhay Road Leeds LS8 4AR,LS8 4AR,,,,,,53.82509,-1.508017,https://publicaccess.leeds.gov.uk/online-applications,https://publicaccess.leeds.gov.uk/online-applications/applicationDetails.do?activeTab=summary&keyVal=TCSWWHJBGJQ00,2026-05-01T22:41:46.983264
E60000071_TCSX0KJBGK000,E60000071,Leeds,Change of use from dwelling (Class C3) to childrens' care home (Class C2) for 2 children,,193 Easterly Road Gipton Leeds LS8 2RB,LS8 2RB,,,,,,53.820877,-1.497752,https://publicaccess.leeds.gov.uk/online-applications,https://publicaccess.leeds.gov.uk/online-applications/applicationDetails.do?activeTab=summary&keyVal=TCSX0KJBGK000,2026-05-01T22:41:45.820705
E60000071_TCTDIRJBGPS00,E60000071,Leeds,T1 Silver Birch: To reduce by 2m to old reduction cuts. T2 Cherry: Reshape and reduce to old reducti,,Apartment 1 Bridge Place 1 Troy Road Horsforth Leeds LS18 5NQ,LS18 5NQ,,,,,,53.846786,-1.630667,https://publicaccess.leeds.gov.uk/online-applications,https://publicaccess.leeds.gov.uk/online-applications/applicationDetails.do?activeTab=summary&keyVal=TCTDIRJBGPS00,2026-05-01T22:41:42.365381
E60000071_TCTDJ5JBGPU00,E60000071,Leeds,Demolition of existing rear extension and steps to rear; construction of single-storey extension to ,,14 Calverley Garth Bramley Leeds LS13 3LJ,LS13 3LJ,,,,,,53.813192,-1.64331,https://publicaccess.leeds.gov.uk/online-applications,https://publicaccess.leeds.gov.uk/online-applications/applicationDetails.do?activeTab=summary&keyVal=TCTDJ5JBGPU00,2026-05-01T22:41:41.437730
E60000071_TCTJ1AJBGR800,E60000071,Leeds,"4.00m single storey side/rear extension, 3.37m to ridge height and 2.25m to eaves",,87 Rookwood Avenue Osmondthorpe Leeds LS9 0NN,LS9 0NN,,,,,,53.800799,-1.491569,https://publicaccess.leeds.gov.uk/online-applications,https://publicaccess.leeds.gov.uk/online-applications/applicationDetails.do?activeTab=summary&keyVal=TCTJ1AJBGR800,2026-05-01T22:41:40.437784
E60000071_TCTG6JJB2O200,E60000071,Leeds,"Consent, agreement or approval required by condition 13 (Landscaping) of Planning Application 22/045",,Hooves On The Hill Brandon Crescent Scarcroft Leeds LS17 9JH,LS17 9JH,,FU,,,,53.862618,-1.476757,https://publicaccess.leeds.gov.uk/online-applications,https://publicaccess.leeds.gov.uk/online-applications/applicationDetails.do?activeTab=summary&keyVal=TCTG6JJB2O200,2026-05-01T22:41:39.508300
E60000071_TCTJ4OJB2O200,E60000071,Leeds,Single storey front infill extension; removal of existing single storey rear extension to replace wi,,The Neuk Stables Lane Boston Spa LS23 6BX,LS23 6BX,,,,,,53.903401,-1.345521,https://publicaccess.leeds.gov.uk/online-applications,https://publicaccess.leeds.gov.uk/online-applications/applicationDetails.do?activeTab=summary&keyVal=TCTJ4OJB2O200,2026-05-01T22:41:38.444669
E60000071_TCT80HJBGNN00,E60000071,Leeds,Two non illuminated and one illuminated signs,,Unit 5 Woodside Court Clayton Wood Rise Lawnswood Leeds LS16 6RF,LS16 6RF,,,,,,53.840195,-1.609752,https://publicaccess.leeds.gov.uk/online-applications,https://publicaccess.leeds.gov.uk/online-applications/applicationDetails.do?activeTab=summary&keyVal=TCT80HJBGNN00,2026-05-01T22:41:37.480861
E60000071_TCVDU2JBH4J00,E60000071,Leeds,"Consent, agreement or approval required by condition 34 (car park and servicing management) to plann",,Former Tetley Brewery Hunslet Road Hunslet Leeds LS10 1JQ,LS10 1JQ,,OT,,,,53.793124,-1.540877,https://publicaccess.leeds.gov.uk/online-applications,https://publicaccess.leeds.gov.uk/online-applications/applicationDetails.do?activeTab=summary&keyVal=TCVDU2JBH4J00,2026-05-01T22:41:36.540135
E60000071_TCVH0UJB2O200,E60000071,Leeds,"3.8m single storey rear extension, 2.8m to ridge height (flat roof with parapet wall and lantern lig",,3 Oak Drive Middleton Leeds LS10 4GQ,LS10 4GQ,,,,,,53.744364,-1.533978,https://publicaccess.leeds.gov.uk/online-applications,https://publicaccess.leeds.gov.uk/online-applications/applicationDetails.do?activeTab=summary&keyVal=TCVH0UJB2O200,2026-05-01T22:41:35.516573
E60000071_TCVDUTJBH4N00,E60000071,Leeds,Hip to gable roof extension incorporating dormer window with Juliet balcony to rear,,18 Primley Park Walk Alwoodley Leeds LS17 7LB,LS17 7LB,,,,,,53.855559,-1.535011,https://publicaccess.leeds.gov.uk/online-applications,https://publicaccess.leeds.gov.uk/online-applications/applicationDetails.do?activeTab=summary&keyVal=TCVDUTJBH4N00,2026-05-01T22:41:34.432106
E60000071_TCUX3SJBH0R00,E60000071,Leeds,Single storey rear extension,,Milnthorpe Cottage Wetherby Road Bramham Wetherby LS23 6RE,LS23 6RE,,,,,,53.882999,-1.357325,https://publicaccess.leeds.gov.uk/online-applications,https://publicaccess.leeds.gov.uk/online-applications/applicationDetails.do?activeTab=summary&keyVal=TCUX3SJBH0R00,2026-05-01T22:41:33.435431
E60000071_TCUX4BJBH0T00,E60000071,Leeds,Cherry: Crown lift to facilitate up to 5 metre clearance from ground level. To facilitate access for,,Otley Golf Club West Busk Lane Otley LS21 3NG,LS21 3NG,,,,,,53.90001,-1.727324,https://publicaccess.leeds.gov.uk/online-applications,https://publicaccess.leeds.gov.uk/online-applications/applicationDetails.do?activeTab=summary&keyVal=TCUX4BJBH0T00,2026-05-01T22:41:29.883372
E60000071_TCVDSLJBH4H00,E60000071,Leeds,"Consent, agreement or approval required by conditions 3 (Samples), 4 (Boundaries), 5 (Windows/Doors ",,Redbank Stables Rear Of 115 Valley Road Pudsey LS28 9DU,LS28 9DU,,FU,,,,53.789848,-1.651871,https://publicaccess.leeds.gov.uk/online-applications,https://publicaccess.leeds.gov.uk/online-applications/applicationDetails.do?activeTab=summary&keyVal=TCVDSLJBH4H00,2026-05-01T22:41:28.884718
E60000071_TCV2MIJBH1U00,E60000071,Leeds,"Part two storey, part single storey side/rear extension; solar panels to front and boundary fence to",,31 Wakefield Road Oulton Leeds LS26 8EL,LS26 8EL,,,,,,53.741747,-1.452634,https://publicaccess.leeds.gov.uk/online-applications,https://publicaccess.leeds.gov.uk/online-applications/applicationDetails.do?activeTab=summary&keyVal=TCV2MIJBH1U00,2026-05-01T22:41:27.966143
E60000071_TCURRTJBGUU00,E60000071,Leeds,"Consent, agreement or approval required by condition 9 (Extract Plant) of Planning Application 17/06",,"Land Off Flax Place, Richmond Street And Marsh Lane Richmond Hill Leeds LS9 8BP",LS9 8BP,,FU,,,,53.794937,-1.530929,https://publicaccess.leeds.gov.uk/online-applications,https://publicaccess.leeds.gov.uk/online-applications/applicationDetails.do?activeTab=summary&keyVal=TCURRTJBGUU00,2026-05-01T22:41:27.012042
E60000071_TCURU2JBGV400,E60000071,Leeds,Single storey side/rear extension,,Flat 2 4 Parkland Terrace Meanwood Leeds LS6 4PW,LS6 4PW,,,,,,53.836893,-1.559273,https://publicaccess.leeds.gov.uk/online-applications,https://publicaccess.leeds.gov.uk/online-applications/applicationDetails.do?activeTab=summary&keyVal=TCURU2JBGV400,2026-05-01T22:41:26.075613
E60000071_TCURUHJBGV600,E60000071,Leeds,"Part two and single storey side and rear extension, incorporating extensions of existing dormers to ",,7 Denesway Garforth Leeds LS25 2AT,LS25 2AT,,,,,,53.78668,-1.373807,https://publicaccess.leeds.gov.uk/online-applications,https://publicaccess.leeds.gov.uk/online-applications/applicationDetails.do?activeTab=summary&keyVal=TCURUHJBGV600,2026-05-01T22:41:25.070150
E60000071_TCV89CJBH3H00,E60000071,Leeds,"Consent, agreement or approval required by condition 3 (Materials) of Planning Application 25/04911/",,Malt Kiln Cottage 13 High Street Bramham Wetherby LS23 6QQ,LS23 6QQ,,LI,,,,53.880832,-1.350422,https://publicaccess.leeds.gov.uk/online-applications,https://publicaccess.leeds.gov.uk/online-applications/applicationDetails.do?activeTab=summary&keyVal=TCV89CJBH3H00,2026-05-01T22:41:24.046954
E60000071_TCV2NEJBH1W00,E60000071,Leeds,Variation of condition 2 (Approved Plans) to previously approved Planning Application 24/04007/FU (S,,The Grange 308 Leeds Road Lofthouse Wakefield WF3 3QQ,WF3 3QQ,,,,,,53.73449,-1.501192,https://publicaccess.leeds.gov.uk/online-applications,https://publicaccess.leeds.gov.uk/online-applications/applicationDetails.do?activeTab=summary&keyVal=TCV2NEJBH1W00,2026-05-01T22:41:23.067737
E60000071_TCVDUCJBH4L00,E60000071,Leeds,"5.00m single storey rear extension, 4.00m to ridge height, 2.40m to eaves",,308 Selby Road Halton Leeds LS15 0PS,LS15 0PS,,,,,,53.797481,-1.46035,https://publicaccess.leeds.gov.uk/online-applications,https://publicaccess.leeds.gov.uk/online-applications/applicationDetails.do?activeTab=summary&keyVal=TCVDUCJBH4L00,2026-05-01T22:41:22.127521
E60000071_TCURSHJBGUW00,E60000071,Leeds,"Certificate of Proposed Lawful Development for an extension to the gable, dormer window to the rear ",,49 Westfield Oval Yeadon Leeds LS19 7NR,LS19 7NR,,,,,,53.861365,-1.705786,https://publicaccess.leeds.gov.uk/online-applications,https://publicaccess.leeds.gov.uk/online-applications/applicationDetails.do?activeTab=summary&keyVal=TCURSHJBGUW00,2026-05-01T22:41:20.975277
E60000071_TCURSZJBGV000,E60000071,Leeds,Single-storey front extension with removal of door to side,,31 Haven Chase Cookridge Leeds LS16 6SG,LS16 6SG,,,,,,53.84989,-1.614542,https://publicaccess.leeds.gov.uk/online-applications,https://publicaccess.leeds.gov.uk/online-applications/applicationDetails.do?activeTab=summary&keyVal=TCURSZJBGV000,2026-05-01T22:41:17.434453
E60000071_TCURTGJBGV200,E60000071,Leeds,Certificate of Proposed Lawful Development to use our outhouse in the back garden to create a dog gr,,18 Kent Close Pudsey LS28 9EY,LS28 9EY,,,,,,53.793634,-1.649502,https://publicaccess.leeds.gov.uk/online-applications,https://publicaccess.leeds.gov.uk/online-applications/applicationDetails.do?activeTab=summary&keyVal=TCURTGJBGV200,2026-05-01T22:41:16.507918
E60000071_TCV2S0JBH2500,E60000071,Leeds,Raising roof height forming a new floor; dormer windows to rear and roof lights to front,,3 Thorpe Close Guiseley Leeds LS20 8HP,LS20 8HP,,,,,,53.873514,-1.731647,https://publicaccess.leeds.gov.uk/online-applications,https://publicaccess.leeds.gov.uk/online-applications/applicationDetails.do?activeTab=summary&keyVal=TCV2S0JBH2500,2026-05-01T22:41:15.579688
E60000071_TCUX3DJBH0P00,E60000071,Leeds,"Consent, agreement or approval required by condition 13 (Biodiversity General Enhancements) of Plann",,Eastlands 91 Pool Road Otley LS21 1DY,LS21 1DY,,FU,,,,53.908967,-1.67204,https://publicaccess.leeds.gov.uk/online-applications,https://publicaccess.leeds.gov.uk/online-applications/applicationDetails.do?activeTab=summary&keyVal=TCUX3DJBH0P00,2026-05-01T22:41:14.628816
E60000071_TCVCZ8JB0C000,E60000071,Leeds,Certificate of Proposed Lawful Development for a dormer window to the rear,,11 Dorset Terrace Harehills Leeds LS8 3QR,LS8 3QR,,,,,,53.814234,-1.5127,https://publicaccess.leeds.gov.uk/online-applications,https://publicaccess.leeds.gov.uk/online-applications/applicationDetails.do?activeTab=summary&keyVal=TCVCZ8JB0C000,2026-05-01T22:41:13.696034
E60000071_TCV87YJBH3B00,E60000071,Leeds,"Certificate of Existing Lawful Development for use of land for storage space for caravans, motorhome",,Bungalow Temple Thorpe Farm Swillington Lane Swillington Leeds LS26 8DA,LS26 8DA,,,,,,53.778333,-1.424783,https://publicaccess.leeds.gov.uk/online-applications,https://publicaccess.leeds.gov.uk/online-applications/applicationDetails.do?activeTab=summary&keyVal=TCV87YJBH3B00,2026-05-01T22:41:12.681200
E60000071_TCV88EJBH3D00,E60000071,Leeds,Certificate of Proposed Lawful Development for a single storey rear extension,,15 Stainbeck Gardens Miles Hill Leeds LS7 2EY,LS7 2EY,,,,,,53.828459,-1.551248,https://publicaccess.leeds.gov.uk/online-applications,https://publicaccess.leeds.gov.uk/online-applications/applicationDetails.do?activeTab=summary&keyVal=TCV88EJBH3D00,2026-05-01T22:41:11.661209
E60000071_TCV2PLJBH1Z00,E60000071,Leeds,Continued temporary use of land for the unloading and storage of rail delivered aggregates and the r,,Land Used For Storage Bridgewater Road Cross Green Leeds Leeds LS9 0RT,LS9 0RT,,,,,,53.784571,-1.518857,https://publicaccess.leeds.gov.uk/online-applications,https://publicaccess.leeds.gov.uk/online-applications/applicationDetails.do?activeTab=summary&keyVal=TCV2PLJBH1Z00,2026-05-01T22:41:10.398619
E60000071_TCURSPJBGUY00,E60000071,Leeds,"6.00m single storey rear extension, 3.80m to ridge height, 2.50m to eaves",,101 Gipton Wood Road Gipton Leeds LS8 3AQ,LS8 3AQ,,,,,,53.817783,-1.50145,https://publicaccess.leeds.gov.uk/online-applications,https://publicaccess.leeds.gov.uk/online-applications/applicationDetails.do?activeTab=summary&keyVal=TCURSPJBGUY00,2026-05-01T22:41:09.404809
E60000071_TCV2Q7JBH2100,E60000071,Leeds,Listed building application for replacement windows to rear,,212 Harrogate Road Moortown Leeds LS7 4QD,LS7 4QD,,,,,,53.832761,-1.538423,https://publicaccess.leeds.gov.uk/online-applications,https://publicaccess.leeds.gov.uk/online-applications/applicationDetails.do?activeTab=summary&keyVal=TCV2Q7JBH2100,2026-05-01T22:41:08.277479
E60000071_TCV88VJBH3F00,E60000071,Leeds,"Certificate of Proposed Lawful Development for an extension to the gable, dormer window to the rear ",,73 Broadgate Lane Horsforth Leeds LS18 5AB,LS18 5AB,,,,,,53.839202,-1.631082,https://publicaccess.leeds.gov.uk/online-applications,https://publicaccess.leeds.gov.uk/online-applications/applicationDetails.do?activeTab=summary&keyVal=TCV88VJBH3F00,2026-05-01T22:41:04.994517
E60000071_TCURVIJBGVA00,E60000071,Leeds,"Single storey front extension, increase ridge to create first floor accommodation, and rear dormer. ",,79 Pool Road Otley LS21 1HL,LS21 1HL,,,,,,53.907594,-1.679434,https://publicaccess.leeds.gov.uk/online-applications,https://publicaccess.leeds.gov.uk/online-applications/applicationDetails.do?activeTab=summary&keyVal=TCURVIJBGVA00,2026-05-01T22:41:04.893199
E60000071_TD412YJBJSP00,E60000071,Leeds,Demolition of existing canopy structure to side; single storey side extension; balcony to rear with ,,12 Leeds Road Rawdon Leeds LS19 6AX,LS19 6AX,,,,,,53.852332,-1.684599,https://publicaccess.leeds.gov.uk/online-applications,https://publicaccess.leeds.gov.uk/online-applications/applicationDetails.do?activeTab=summary&keyVal=TD412YJBJSP00,2026-05-01T22:41:04.791558
E60000071_TD412LJBJSN00,E60000071,Leeds,"Consent agreement or approval required by conditions 8 (EV chargers), 9 (bin stores) and 14 (hard an",,33A Vesper Road Kirkstall Leeds LS5 3NU,LS5 3NU,,FU,,,,53.825722,-1.609096,https://publicaccess.leeds.gov.uk/online-applications,https://publicaccess.leeds.gov.uk/online-applications/applicationDetails.do?activeTab=summary&keyVal=TD412LJBJSN00,2026-05-01T22:41:03.773233
E60000071_TD4HUFJBJWN00,E60000071,Leeds,"Erection of canopy to side, new door to side, enlargement of rear window.",,3 Spa Crescent Boston Spa Wetherby LS23 6FR,LS23 6FR,,,,,,53.899805,-1.342016,https://publicaccess.leeds.gov.uk/online-applications,https://publicaccess.leeds.gov.uk/online-applications/applicationDetails.do?activeTab=summary&keyVal=TD4HUFJBJWN00,2026-05-01T22:41:02.659161
E60000071_TD4N46JBJXT00,E60000071,Leeds,"Determination for demolition of commercial parade 12, 14, 16, 18 and 22 Weston Lane Otley",,"12, 14, 16, 18 & 22 Weston Lane Otley LS21 2DD",LS21 2DD,,,,,,53.911342,-1.700519,https://publicaccess.leeds.gov.uk/online-applications,https://publicaccess.leeds.gov.uk/online-applications/applicationDetails.do?activeTab=summary&keyVal=TD4N46JBJXT00,2026-05-01T22:41:01.621526
E60000071_TD4O6XJB0C000,E60000071,Leeds,"Certificate of Proposed Lawful Development for an extension to the gable, dormer window to the rear ",,68 Blue Hill Crescent Wortley Leeds LS12 4PB,LS12 4PB,,,,,,53.789639,-1.601872,https://publicaccess.leeds.gov.uk/online-applications,https://publicaccess.leeds.gov.uk/online-applications/applicationDetails.do?activeTab=summary&keyVal=TD4O6XJB0C000,2026-05-01T22:41:00.601050
E60000071_TD4BYPJBJVT00,E60000071,Leeds,"Single storey link extension to side, single storey rear extension and conversion of hipped roof to ",,103 Green Lane Whitkirk Leeds LS15 7DY,LS15 7DY,,,,,,53.802849,-1.456881,https://publicaccess.leeds.gov.uk/online-applications,https://publicaccess.leeds.gov.uk/online-applications/applicationDetails.do?activeTab=summary&keyVal=TD4BYPJBJVT00,2026-05-01T22:40:59.593394
E60000071_TD41CFJBJTE00,E60000071,Leeds,Demolition of existing rear extension; construction of single-storey rear extension; removal of wind,,34 Alwoodley Lane Alwoodley Leeds LS17 7PX,LS17 7PX,,,,,,53.862024,-1.564604,https://publicaccess.leeds.gov.uk/online-applications,https://publicaccess.leeds.gov.uk/online-applications/applicationDetails.do?activeTab=summary&keyVal=TD41CFJBJTE00,2026-05-01T22:40:58.551411
E60000071_TD418OJBJT000,E60000071,Leeds,Certificate of Proposed Lawful Development for a porch to the front; single storey extension to the ,,2B Thornhill Grove Calverley Pudsey LS28 5PB,LS28 5PB,,,,,,53.829341,-1.688008,https://publicaccess.leeds.gov.uk/online-applications,https://publicaccess.leeds.gov.uk/online-applications/applicationDetails.do?activeTab=summary&keyVal=TD418OJBJT000,2026-05-01T22:40:57.423620
E60000071_TD418GJBJSY00,E60000071,Leeds,Certificate of Proposed Lawful Development for an extension to the gable and dormer window to the re,,10 The Grove Swillington Leeds LS26 8UX,LS26 8UX,,,,,,53.769168,-1.410601,https://publicaccess.leeds.gov.uk/online-applications,https://publicaccess.leeds.gov.uk/online-applications/applicationDetails.do?activeTab=summary&keyVal=TD418GJBJSY00,2026-05-01T22:40:52.931149
E60000071_TD4170JBJSW00,E60000071,Leeds,Certificate of Existing Lawful Development for use of land as domestic garden,,The Barn Bayton House Bayton Lane Horsforth Leeds LS18 5EY,LS18 5EY,,,,,,53.851893,-1.655446,https://publicaccess.leeds.gov.uk/online-applications,https://publicaccess.leeds.gov.uk/online-applications/applicationDetails.do?activeTab=summary&keyVal=TD4170JBJSW00,2026-05-01T22:40:51.895464
E60000071_TD415PJBJSU00,E60000071,Leeds,Certificate of Proposed Lawful Development for rooflights to the side and rear,,14 Lidgett Park Mews Lidgett Park Leeds LS8 1DB,LS8 1DB,,,,,,53.837983,-1.508809,https://publicaccess.leeds.gov.uk/online-applications,https://publicaccess.leeds.gov.uk/online-applications/applicationDetails.do?activeTab=summary&keyVal=TD415PJBJSU00,2026-05-01T22:40:50.867982
E60000071_TD4N2RJBJXR00,E60000071,Leeds,"Outline application (all matters reserved except for partial means of access to, but not within, the",,Woodside Quarry Clayton Wood Road West Park Leeds LS16,,,,,,,,,https://publicaccess.leeds.gov.uk/online-applications,https://publicaccess.leeds.gov.uk/online-applications/applicationDetails.do?activeTab=summary&keyVal=TD4N2RJBJXR00,2026-05-01T22:40:49.745408
E60000071_TD41CSJBJTG00,E60000071,Leeds,Weeping willow (T1) height to be reduced by 4 metres to previous cuts. This is to prevent sail and s,,16 Zoar Street Morley Leeds LS27 8JD,LS27 8JD,,,,,,53.747754,-1.599023,https://publicaccess.leeds.gov.uk/online-applications,https://publicaccess.leeds.gov.uk/online-applications/applicationDetails.do?activeTab=summary&keyVal=TD41CSJBJTG00,2026-05-01T22:40:49.744628
E60000071_TD41FIJBJTS00,E60000071,Leeds,Change of use from barn to form two dwellinghouses with associated alterations including new rooflig,,65 Woodhall Lane Stanningley Pudsey LS28 5NZ,LS28 5NZ,,,,,,53.809317,-1.695308,https://publicaccess.leeds.gov.uk/online-applications,https://publicaccess.leeds.gov.uk/online-applications/applicationDetails.do?activeTab=summary&keyVal=TD41FIJBJTS00,2026-05-01T22:40:48.618666
E60000071_TD41F0JBJTQ00,E60000071,Leeds,"1 Hawthorn: Remove deadwood/hangers. 2 Hawthorn: Fell, poor quality tree with limited SULE. 8 Leylan",,St Edmunds Church Lidgett Park Road Lidgett Park Leeds LS8 1JN,LS8 1JN,,,,,,53.837796,-1.513705,https://publicaccess.leeds.gov.uk/online-applications,https://publicaccess.leeds.gov.uk/online-applications/applicationDetails.do?activeTab=summary&keyVal=TD41F0JBJTQ00,2026-05-01T22:40:47.493962
E60000071_TD413GJBJSR00,E60000071,Leeds,"Certificate of Proposed Lawfulness for an extension to the gable, dormer window to the rear, rooflig",,23 Buckstone Oval Moortown Leeds LS17 5HF,LS17 5HF,,,,,,53.8537,-1.561681,https://publicaccess.leeds.gov.uk/online-applications,https://publicaccess.leeds.gov.uk/online-applications/applicationDetails.do?activeTab=summary&keyVal=TD413GJBJSR00,2026-05-01T22:40:47.390192
E60000071_TD40ZNJBJSH00,E60000071,Leeds,Demolition of existing Sunday School and erection of Detached dwelling,,Allerton Bywater Methodist Church Main Street Allerton Bywater Castleford WF10 2DL,WF10 2DL,,,,,,53.74566,-1.368943,https://publicaccess.leeds.gov.uk/online-applications,https://publicaccess.leeds.gov.uk/online-applications/applicationDetails.do?activeTab=summary&keyVal=TD40ZNJBJSH00,2026-05-01T22:40:46.264700
E60000071_TD46FBJBJUU00,E60000071,Leeds,G1: Crown lift group of trees along right of way to 4m for access.,,Police Station Boston Road Wetherby LS22 5HA,LS22 5HA,,,,,,53.925147,-1.385582,https://publicaccess.leeds.gov.uk/online-applications,https://publicaccess.leeds.gov.uk/online-applications/applicationDetails.do?activeTab=summary&keyVal=TD46FBJBJUU00,2026-05-01T22:40:45.232715
E60000071_TD46CYJB14E00,E60000071,Leeds,T1 Western Red Cedar: The request is to remove the diseased trunks and save the remaining ones where,,Castle Grove Masonic Hall Castle Grove Drive Headingley Leeds LS6 4BP,LS6 4BP,,,,,,53.828477,-1.578412,https://publicaccess.leeds.gov.uk/online-applications,https://publicaccess.leeds.gov.uk/online-applications/applicationDetails.do?activeTab=summary&keyVal=TD46CYJB14E00,2026-05-01T22:40:41.920223
E60000071_TD4BYZJBJVV00,E60000071,Leeds,1 x Acer: Request to fell remove due to extensive lower stem damage and decay.,,16 Farnham Close West Park Leeds LS16 5RR,LS16 5RR,,,,,,53.829282,-1.590239,https://publicaccess.leeds.gov.uk/online-applications,https://publicaccess.leeds.gov.uk/online-applications/applicationDetails.do?activeTab=summary&keyVal=TD4BYZJBJVV00,2026-05-01T22:40:40.933457
E60000071_TD4O5DJB2O200,E60000071,Leeds,Application to modify or discharge a section 106 relating to planning application 20/04141/OT (22/03,,"Land Off York Road, Killingbeck Bridge And Selby Road Leeds LS14",,,,,,,,,https://publicaccess.leeds.gov.uk/online-applications,https://publicaccess.leeds.gov.uk/online-applications/applicationDetails.do?activeTab=summary&keyVal=TD4O5DJB2O200,2026-05-01T22:40:39.940426
E60000071_TD4BY8JBJVR00,E60000071,Leeds,Extension to existing outbuilding to rear; new first floor windows to rear and two storey side infil,,2 Victoria Place Clifford Wetherby LS23 6JJ,LS23 6JJ,,,,,,53.889975,-1.352502,https://publicaccess.leeds.gov.uk/online-applications,https://publicaccess.leeds.gov.uk/online-applications/applicationDetails.do?activeTab=summary&keyVal=TD4BY8JBJVR00,2026-05-01T22:40:39.939676
E60000071_TD41B2JBJT600,E60000071,Leeds,"Consent, agreement or approval of condition 5 to planning application 23/00574/FU",,Chestnut House 2 Woodlands Gardens Scarcroft Leeds LS14 3HL,LS14 3HL,,FU,,,,53.863276,-1.450915,https://publicaccess.leeds.gov.uk/online-applications,https://publicaccess.leeds.gov.uk/online-applications/applicationDetails.do?activeTab=summary&keyVal=TD41B2JBJT600,2026-05-01T22:40:38.796619
E60000071_TD419VJBJT400,E60000071,Leeds,"Consent, agreement or approval required by condition 3 (Sample Wall/Roof Materials) of Planning Appl",,Marrakech 58 Clara Drive Calverley Pudsey LS28 5QP,LS28 5QP,,FU,,,,53.832464,-1.696706,https://publicaccess.leeds.gov.uk/online-applications,https://publicaccess.leeds.gov.uk/online-applications/applicationDetails.do?activeTab=summary&keyVal=TD419VJBJT400,2026-05-01T22:40:37.558152
E60000071_TD419MJBJT200,E60000071,Leeds,Installation of extension to chimney flue,,Straits Aire 22 - 30 Merrion Street Leeds LS2 8JG,LS2 8JG,,,,,,53.800732,-1.542009,https://publicaccess.leeds.gov.uk/online-applications,https://publicaccess.leeds.gov.uk/online-applications/applicationDetails.do?activeTab=summary&keyVal=TD419MJBJT200,2026-05-01T22:40:36.226530
E60000071_TD411SJBJSL00,E60000071,Leeds,Addition of a pitched roof to replace existing flat roof to existing single storey rear extension,,34 Graveleythorpe Road Whitkirk Leeds LS15 7EH,LS15 7EH,,,,,,53.801677,-1.456076,https://publicaccess.leeds.gov.uk/online-applications,https://publicaccess.leeds.gov.uk/online-applications/applicationDetails.do?activeTab=summary&keyVal=TD411SJBJSL00,2026-05-01T22:40:34.998416
E60000071_TD41DNJBJTM00,E60000071,Leeds,T1 Bay: Reduce in height by 3m to 5m high and reshape. T2 Hazel: Reduce back branch spread over the ,,301 - 303 Chapeltown Road Chapeltown Leeds LS7 3JT,LS7 3JT,,,,,,53.821577,-1.533001,https://publicaccess.leeds.gov.uk/online-applications,https://publicaccess.leeds.gov.uk/online-applications/applicationDetails.do?activeTab=summary&keyVal=TD41DNJBJTM00,2026-05-01T22:40:33.870332
E60000071_TD41DFJBJTK00,E60000071,Leeds,"Part two storey side, part single storey rear extension; single storey extension to detached garage",,6 Moor Allerton Avenue Moor Allerton Leeds LS17 6SQ,LS17 6SQ,,,,,,53.842799,-1.52427,https://publicaccess.leeds.gov.uk/online-applications,https://publicaccess.leeds.gov.uk/online-applications/applicationDetails.do?activeTab=summary&keyVal=TD41DFJBJTK00,2026-05-01T22:40:33.769258
E60000071_TD41D0JBJTI00,E60000071,Leeds,T1: Crown lift to facilitate 4m clearance over the driveway.,,Flat B 2 Park Villas Lidgett Park Leeds LS8 1DL,LS8 1DL,,,,,,53.840874,-1.508122,https://publicaccess.leeds.gov.uk/online-applications,https://publicaccess.leeds.gov.uk/online-applications/applicationDetails.do?activeTab=summary&keyVal=TD41D0JBJTI00,2026-05-01T22:40:30.183541
E60000071_TD4109JBJSJ00,E60000071,Leeds,Listed building application for replacement works to roofing including new slates and to replace fro,,38 Headingley Lane Headingley Leeds LS6 2EB,LS6 2EB,,,,,,53.815741,-1.563336,https://publicaccess.leeds.gov.uk/online-applications,https://publicaccess.leeds.gov.uk/online-applications/applicationDetails.do?activeTab=summary&keyVal=TD4109JBJSJ00,2026-05-01T22:40:29.060660
E60000071_TD41EEJBJTO00,E60000071,Leeds,T1 Sycamore: Fell to ground level. Damaging boundary wall out onto public footpath. Wall been repair,,Flat 1 301 - 303 Chapeltown Road Chapeltown Leeds LS7 3JT,LS7 3JT,,,,,,53.821577,-1.533001,https://publicaccess.leeds.gov.uk/online-applications,https://publicaccess.leeds.gov.uk/online-applications/applicationDetails.do?activeTab=summary&keyVal=TD41EEJBJTO00,2026-05-01T22:40:28.034143
E60000071_TD41BJJBJTA00,E60000071,Leeds,Variation of condition 4 (Window Details) to previously approved Planning Application 25/07477/FU (S,,21 River View Boston Spa Wetherby LS23 6BA,LS23 6BA,,,,,,53.901686,-1.334407,https://publicaccess.leeds.gov.uk/online-applications,https://publicaccess.leeds.gov.uk/online-applications/applicationDetails.do?activeTab=summary&keyVal=TD41BJJBJTA00,2026-05-01T22:40:26.979771
E60000071_TD41BCJBJT800,E60000071,Leeds,Certificate of Proposed Lawful Development for a single storey extension to the rear,,10 Tinshill Drive Cookridge Leeds LS16 7DH,LS16 7DH,,,,,,53.856761,-1.615969,https://publicaccess.leeds.gov.uk/online-applications,https://publicaccess.leeds.gov.uk/online-applications/applicationDetails.do?activeTab=summary&keyVal=TD41BCJBJT800,2026-05-01T22:40:25.821255
E60000071_TD6HR9JBKPS00,E60000071,Leeds,First-storey extension to side,,3 Nethercliffe Road Guiseley Leeds LS20 9HL,LS20 9HL,,,,,,53.880959,-1.717331,https://publicaccess.leeds.gov.uk/online-applications,https://publicaccess.leeds.gov.uk/online-applications/applicationDetails.do?activeTab=summary&keyVal=TD6HR9JBKPS00,2026-05-01T22:40:24.373576
E60000071_TD66OPJBKNL00,E60000071,Leeds,Consent agreement or approval required by condition 36 (flood evacuation plan) of planning applicati,,Water Lane Holbeck Leeds LS11 9UD,LS11 9UD,,FU,,,,53.790042,-1.557835,https://publicaccess.leeds.gov.uk/online-applications,https://publicaccess.leeds.gov.uk/online-applications/applicationDetails.do?activeTab=summary&keyVal=TD66OPJBKNL00,2026-05-01T22:40:23.233751
E60000071_TD6C8PJBKOP00,E60000071,Leeds,Retrospective application for Two internally illuminated fascia signs; One Internally illuminated pr,,2 Headingley Central Otley Road Headingley Leeds LS6 2UE,LS6 2UE,,,,,,53.822257,-1.578322,https://publicaccess.leeds.gov.uk/online-applications,https://publicaccess.leeds.gov.uk/online-applications/applicationDetails.do?activeTab=summary&keyVal=TD6C8PJBKOP00,2026-05-01T22:40:21.890483
E60000071_TD5VTIJBK1400,E60000071,Leeds,Removal of condition 21 (BREEAM) to previously approved Planning Application 23/01584/FU (Constructi,,Gateways School Harewood Avenue Harewood Leeds LS17 9LE,LS17 9LE,,,,,,53.899536,-1.509808,https://publicaccess.leeds.gov.uk/online-applications,https://publicaccess.leeds.gov.uk/online-applications/applicationDetails.do?activeTab=summary&keyVal=TD5VTIJBK1400,2026-05-01T22:40:20.456600
E60000071_TD68QKJB2O200,E60000071,Leeds,Listed Building consent for single storey rear infill extension; Alterations to fenestration; Intern,,Stubbings Farm Leeds Road Otley LS21 1DN,LS21 1DN,,,,,,53.900164,-1.664211,https://publicaccess.leeds.gov.uk/online-applications,https://publicaccess.leeds.gov.uk/online-applications/applicationDetails.do?activeTab=summary&keyVal=TD68QKJB2O200,2026-05-01T22:40:19.303567
E60000071_TD612IJBKM500,E60000071,Leeds,Single storey front porch extension; single storey rear extension; addition of dormer with windows t,,11 Shaw Lane Gardens Guiseley Leeds LS20 9JQ,LS20 9JQ,,,,,,53.875525,-1.700105,https://publicaccess.leeds.gov.uk/online-applications,https://publicaccess.leeds.gov.uk/online-applications/applicationDetails.do?activeTab=summary&keyVal=TD612IJBKM500,2026-05-01T22:40:15.970389
E60000071_TD66NOJBKNJ00,E60000071,Leeds,Change of use from convenience store (Class E) to flexible Class E or laundrette use (Sui Generis),,23 Bramley Shopping Centre Town Street Bramley Leeds LS13 2ET,LS13 2ET,,,,,,53.811865,-1.626584,https://publicaccess.leeds.gov.uk/online-applications,https://publicaccess.leeds.gov.uk/online-applications/applicationDetails.do?activeTab=summary&keyVal=TD66NOJBKNJ00,2026-05-01T22:40:14.735875
E60000071_TD6HQVJBKPQ00,E60000071,Leeds,Change of use from public house to create four residential apartments (Use Class C3) at upper floors,,The Borough Arms Albion Street Morley Leeds LS27 8DT,LS27 8DT,,,,,,53.745809,-1.600816,https://publicaccess.leeds.gov.uk/online-applications,https://publicaccess.leeds.gov.uk/online-applications/applicationDetails.do?activeTab=summary&keyVal=TD6HQVJBKPQ00,2026-05-01T22:40:13.224088
E60000071_TD6C7JJBKON00,E60000071,Leeds,"Part two storey, part single storey front and side extension; conversion of ground floor rear window",,16 Mayo Close Roundhay Leeds LS8 2PX,LS8 2PX,,,,,,53.827316,-1.492039,https://publicaccess.leeds.gov.uk/online-applications,https://publicaccess.leeds.gov.uk/online-applications/applicationDetails.do?activeTab=summary&keyVal=TD6C7JJBKON00,2026-05-01T22:40:11.958392
E60000071_TD5VU3JBK1600,E60000071,Leeds,"4.00m single storey rear extension, 3.60m to ridge height and 2.50m to eaves",,37 Spennithorne Avenue Lawnswood Leeds LS16 6HZ,LS16 6HZ,,,,,,53.842751,-1.599865,https://publicaccess.leeds.gov.uk/online-applications,https://publicaccess.leeds.gov.uk/online-applications/applicationDetails.do?activeTab=summary&keyVal=TD5VU3JBK1600,2026-05-01T22:40:10.860861
E60000071_TD5VT6JBK1200,E60000071,Leeds,Certificate of Proposed Lawful Development for a single storey side extension,,8 Meyrick Avenue Wetherby LS22 6SP,LS22 6SP,,,,,,53.932674,-1.375861,https://publicaccess.leeds.gov.uk/online-applications,https://publicaccess.leeds.gov.uk/online-applications/applicationDetails.do?activeTab=summary&keyVal=TD5VT6JBK1200,2026-05-01T22:40:09.908924
E60000071_TD5VSMJBK1000,E60000071,Leeds,Demolition of existing forecourt outbuilding and erection of a single-storey extension to existing w,,TCL Transport Engineers Ltd Lotherton Way Garforth Leeds LS25 2GB,LS25 2GB,,,,,,53.798583,-1.37779,https://publicaccess.leeds.gov.uk/online-applications,https://publicaccess.leeds.gov.uk/online-applications/applicationDetails.do?activeTab=summary&keyVal=TD5VSMJBK1000,2026-05-01T22:40:08.893680
E60000071_TD5VK2JBK0X00,E60000071,Leeds,"Erection of three storey building to form seven apartments, office and communal spaces under class C",,Land Off Foundry Mill Street And Foundry Mill Mount Seacroft Leeds LS14 6TL,LS14 6TL,,,,,,53.813196,-1.475473,https://publicaccess.leeds.gov.uk/online-applications,https://publicaccess.leeds.gov.uk/online-applications/applicationDetails.do?activeTab=summary&keyVal=TD5VK2JBK0X00,2026-05-01T22:40:07.950530
E60000071_TD879UJBL1T00,E60000071,Leeds,Determination for installation of roof mounted solar PV equipment,,Kinetic 45 Unit 1 Newmarket Lane Cross Green Leeds LS9 0SH,LS9 0SH,,,,,,53.788683,-1.5002,https://publicaccess.leeds.gov.uk/online-applications,https://publicaccess.leeds.gov.uk/online-applications/applicationDetails.do?activeTab=summary&keyVal=TD879UJBL1T00,2026-05-01T22:40:06.837598
E60000071_TD7Q87JBKTP00,E60000071,Leeds,Certificate of Existing Lawful Development for construction of dormer structures to the existing roo,,7 Southfield Drive Moor Allerton Leeds LS17 6RP,LS17 6RP,,,,,,53.844933,-1.525143,https://publicaccess.leeds.gov.uk/online-applications,https://publicaccess.leeds.gov.uk/online-applications/applicationDetails.do?activeTab=summary&keyVal=TD7Q87JBKTP00,2026-05-01T22:40:05.788186
E60000071_TD7Q7EJBKTN00,E60000071,Leeds,"Certificate of Proposed Lawful Development for conversion of the garage to habitable accommodation, ",,Collingwood Hill Crest Collingham Wetherby LS22 5DN,LS22 5DN,,,,,,53.906533,-1.435142,https://publicaccess.leeds.gov.uk/online-applications,https://publicaccess.leeds.gov.uk/online-applications/applicationDetails.do?activeTab=summary&keyVal=TD7Q7EJBKTN00,2026-05-01T22:40:02.411536
E60000071_TD81IJJBL0A00,E60000071,Leeds,"T1 Horse Chestnut: Crown lift to approx. 4.5m, crown clean (remove crossing/rubbing and damaged bran",,The Lodge 96 Potternewton Lane Chapel Allerton Leeds LS7 3DH,LS7 3DH,,,,,,53.825071,-1.539541,https://publicaccess.leeds.gov.uk/online-applications,https://publicaccess.leeds.gov.uk/online-applications/applicationDetails.do?activeTab=summary&keyVal=TD81IJJBL0A00,2026-05-01T22:40:01.393722
E60000071_TD8CMSJBL3000,E60000071,Leeds,T1 Lawson Cypress: Fell and remove the tree. The stump may be either ground out or retained in situ ,,114 Cardigan Road Headingley Leeds LS6 3BJ,LS6 3BJ,,,,,,53.816573,-1.577377,https://publicaccess.leeds.gov.uk/online-applications,https://publicaccess.leeds.gov.uk/online-applications/applicationDetails.do?activeTab=summary&keyVal=TD8CMSJBL3000,2026-05-01T22:40:00.363960
E60000071_TD8CLJJBL2Y00,E60000071,Leeds,Single-storey extension to side and rear; new window to first floor side,,18 Allerton Grange Rise Moor Allerton Leeds LS17 6LH,LS17 6LH,,,,,,53.836392,-1.533825,https://publicaccess.leeds.gov.uk/online-applications,https://publicaccess.leeds.gov.uk/online-applications/applicationDetails.do?activeTab=summary&keyVal=TD8CLJJBL2Y00,2026-05-01T22:39:59.436553
E60000071_TD879KJBL1R00,E60000071,Leeds,"Consent, agreement or approval required by condition 40 (Verification Report(s)) of Planning Applica",,Radial Park Manston Lane Leeds LS15 8ST,LS15 8ST,,,,,,53.806052,-1.428413,https://publicaccess.leeds.gov.uk/online-applications,https://publicaccess.leeds.gov.uk/online-applications/applicationDetails.do?activeTab=summary&keyVal=TD879KJBL1R00,2026-05-01T22:39:58.477954
E60000071_TD81I9JBL0800,E60000071,Leeds,2 x Mature Lime trees growing in front of the dwelling to crown lift to 4m and pollard to previous p,,11 Vinery Road Burley Leeds LS4 2LB,LS4 2LB,,,,,,53.808282,-1.578842,https://publicaccess.leeds.gov.uk/online-applications,https://publicaccess.leeds.gov.uk/online-applications/applicationDetails.do?activeTab=summary&keyVal=TD81I9JBL0800,2026-05-01T22:39:58.376267
E60000071_TD81GXJBL0500,E60000071,Leeds,"Consent, agreement or approval required by condition 16 (Quantitative Risk Analysis) of Planning App",,Leeds United A F C Ltd Elland Road Beeston Leeds LS11 0ES,LS11 0ES,,FU,,,,53.77773,-1.573108,https://publicaccess.leeds.gov.uk/online-applications,https://publicaccess.leeds.gov.uk/online-applications/applicationDetails.do?activeTab=summary&keyVal=TD81GXJBL0500,2026-05-01T22:39:57.428010
E60000071_TD8CL7JBL2W00,E60000071,Leeds,Certificate of Existing Lawful Development for Use of Buildings as stables and associated storage,,Upcroft House Farm Carlton Lane Guiseley Leeds LS20 9NL,LS20 9NL,,,,,,53.885347,-1.692489,https://publicaccess.leeds.gov.uk/online-applications,https://publicaccess.leeds.gov.uk/online-applications/applicationDetails.do?activeTab=summary&keyVal=TD8CL7JBL2W00,2026-05-01T22:39:57.326136
E60000071_TD8CPYJBL3200,E60000071,Leeds,"Variation of conditions 23, 24, 25 and 28 of approval 16/07938/OT to permit conditions 23 and 24 to ",,Land Between Barrowby Lane And Manston Lane Thorpe Park Leeds LS15 8ZB,LS15 8ZB,,,,,,53.796838,-1.426444,https://publicaccess.leeds.gov.uk/online-applications,https://publicaccess.leeds.gov.uk/online-applications/applicationDetails.do?activeTab=summary&keyVal=TD8CPYJBL3200,2026-05-01T22:39:56.118874
E60000071_TD871ZJBL1B00,E60000071,Leeds,"Consent, agreement or approval required by condition 5 (Phase II Site Investigation) of Planning App",,Leeds United A F C Ltd Elland Road Beeston Leeds LS11 0ES,LS11 0ES,,FU,,,,53.77773,-1.573108,https://publicaccess.leeds.gov.uk/online-applications,https://publicaccess.leeds.gov.uk/online-applications/applicationDetails.do?activeTab=summary&keyVal=TD871ZJBL1B00,2026-05-01T22:39:56.016872
E60000071_TD7W0JJBKYM00,E60000071,Leeds,Demolition of existing rear extension; construction of single-storey rear extension; conversion of s,,12 Back Lane Farsley Pudsey LS28 5EU,LS28 5EU,,,,,,53.811819,-1.669549,https://publicaccess.leeds.gov.uk/online-applications,https://publicaccess.leeds.gov.uk/online-applications/applicationDetails.do?activeTab=summary&keyVal=TD7W0JJBKYM00,2026-05-01T22:39:53.526543
E60000071_TD876DJBL1P00,E60000071,Leeds,Consent agreement or approval required by condition 40 (verification report) of planning application,,Radial Park Manston Lane Leeds LS15 8ST,LS15 8ST,,,,,,53.806052,-1.428413,https://publicaccess.leeds.gov.uk/online-applications,https://publicaccess.leeds.gov.uk/online-applications/applicationDetails.do?activeTab=summary&keyVal=TD876DJBL1P00,2026-05-01T22:39:51.846561
E60000071_TD872VJBL1F00,E60000071,Leeds,Certificate of Existing Lawful Development for an equestrian barn as constructed (not in accordance ,,Hope Hall Thorner Lane Bramham Wetherby LS23 6LX,LS23 6LX,,,,,,53.881769,-1.379844,https://publicaccess.leeds.gov.uk/online-applications,https://publicaccess.leeds.gov.uk/online-applications/applicationDetails.do?activeTab=summary&keyVal=TD872VJBL1F00,2026-05-01T22:39:50.863056
E60000071_TD81DHJBKZX00,E60000071,Leeds,Consent agreement or approval required by condition 11 (Construction Environmental Management Plan) ,,Land Off Racecourse Approach Wetherby LS22,,,OT,,,,,,https://publicaccess.leeds.gov.uk/online-applications,https://publicaccess.leeds.gov.uk/online-applications/applicationDetails.do?activeTab=summary&keyVal=TD81DHJBKZX00,2026-05-01T22:39:49.944020
E60000071_TD7ZUCJB2O200,E60000071,Leeds,"Certificate of Proposed Lawful Development for an extension to the gable, dormer window to the rear ",,45 Roman Avenue Roundhay Leeds LS8 2AN,LS8 2AN,,,,,,53.847075,-1.510299,https://publicaccess.leeds.gov.uk/online-applications,https://publicaccess.leeds.gov.uk/online-applications/applicationDetails.do?activeTab=summary&keyVal=TD7ZUCJB2O200,2026-05-01T22:39:49.943044
E60000071_TD8C03JB0EK00,E60000071,Leeds,5 Day Notice - Removal of conifer due to damaged wall following strong winds,,1 Thornfield Newlay Wood Road Horsforth Leeds LS18 4LF,LS18 4LF,,,,,,53.829767,-1.637972,https://publicaccess.leeds.gov.uk/online-applications,https://publicaccess.leeds.gov.uk/online-applications/applicationDetails.do?activeTab=summary&keyVal=TD8C03JB0EK00,2026-05-01T22:39:48.926545
E60000071_TD8CF2JBL2T00,E60000071,Leeds,"Consent, agreement or approval required by conditions 17 (Parking Management) and 20 (Cycle/Motorcyc",,Land Between Barrowby Lane And Manston Lane Thorpe Park Leeds LS15 8ZB,LS15 8ZB,,FU,,,,53.796838,-1.426444,https://publicaccess.leeds.gov.uk/online-applications,https://publicaccess.leeds.gov.uk/online-applications/applicationDetails.do?activeTab=summary&keyVal=TD8CF2JBL2T00,2026-05-01T22:39:47.995775
E60000071_TD7VZWJBKYK00,E60000071,Leeds,"Single storey front extension; part two storey, part single storey side extension with balustrade ba",,Cobweb Cottage 4 New York Cottages New York Lane Rawdon Leeds LS19 6JH,LS19 6JH,,,,,,53.843685,-1.670818,https://publicaccess.leeds.gov.uk/online-applications,https://publicaccess.leeds.gov.uk/online-applications/applicationDetails.do?activeTab=summary&keyVal=TD7VZWJBKYK00,2026-05-01T22:39:47.894836
E60000071_TD7QJ3JBKU000,E60000071,Leeds,"Demolition of existing carport; construction of part single storey, part two storey side and rear ex",,27 Park Drive Horsforth Leeds LS18 5EB,LS18 5EB,,,,,,53.837313,-1.651979,https://publicaccess.leeds.gov.uk/online-applications,https://publicaccess.leeds.gov.uk/online-applications/applicationDetails.do?activeTab=summary&keyVal=TD7QJ3JBKU000,2026-05-01T22:39:46.767585
E60000071_TD81GEJBL0300,E60000071,Leeds,"Consent, agreement or approval required by condition 25 (Construction Environmental Management Plan)",,Leeds United A F C Ltd Elland Road Beeston Leeds LS11 0ES,LS11 0ES,,FU,,,,53.77773,-1.573108,https://publicaccess.leeds.gov.uk/online-applications,https://publicaccess.leeds.gov.uk/online-applications/applicationDetails.do?activeTab=summary&keyVal=TD81GEJBL0300,2026-05-01T22:39:45.767895
E60000071_TD81FNJBL0100,E60000071,Leeds,"Consent, agreement or approval required by condition 11 (Tree Protection Measures) of Planning Appli",,Leeds United A F C Ltd Elland Road Beeston Leeds LS11 0ES,LS11 0ES,,FU,,,,53.77773,-1.573108,https://publicaccess.leeds.gov.uk/online-applications,https://publicaccess.leeds.gov.uk/online-applications/applicationDetails.do?activeTab=summary&keyVal=TD81FNJBL0100,2026-05-01T22:39:43.241820
E60000071_TD81EWJBKZZ00,E60000071,Leeds,"Consent, agreement or approval required by condition 50 (Dilapidation Survey) of Planning Applicatio",,Leeds United A F C Ltd Elland Road Beeston Leeds LS11 0ES,LS11 0ES,,FU,,,,53.77773,-1.573108,https://publicaccess.leeds.gov.uk/online-applications,https://publicaccess.leeds.gov.uk/online-applications/applicationDetails.do?activeTab=summary&keyVal=TD81EWJBKZZ00,2026-05-01T22:39:43.140238
E60000071_TD7QIOJBKTY00,E60000071,Leeds,Demolition of detached garage and outbuilding; construction of two storey side extension with canopy,,1 Green Crescent Meanwood Leeds LS6 4JZ,LS6 4JZ,,,,,,53.829288,-1.568787,https://publicaccess.leeds.gov.uk/online-applications,https://publicaccess.leeds.gov.uk/online-applications/applicationDetails.do?activeTab=summary&keyVal=TD7QIOJBKTY00,2026-05-01T22:39:43.039062
E60000071_TD7QHZJBKTW00,E60000071,Leeds,"Refurbishment of internal facing brick wall, increase of existing patio area and installation of plu",,Flat 4 Bramhope Manor Moor Road Bramhope Leeds LS16 9HJ,LS16 9HJ,,,,,,53.884272,-1.624222,https://publicaccess.leeds.gov.uk/online-applications,https://publicaccess.leeds.gov.uk/online-applications/applicationDetails.do?activeTab=summary&keyVal=TD7QHZJBKTW00,2026-05-01T22:39:42.069383
E60000071_TD874SJBL1M00,E60000071,Leeds,Internally illuminated fascia sign; internally illuminated projecting sign; non illuminated advertis,,2 - 2A Commercial Street Leeds LS1 6AL,LS1 6AL,,,,,,53.797495,-1.543942,https://publicaccess.leeds.gov.uk/online-applications,https://publicaccess.leeds.gov.uk/online-applications/applicationDetails.do?activeTab=summary&keyVal=TD874SJBL1M00,2026-05-01T22:39:41.135132
E60000071_TD874RJBL1L00,E60000071,Leeds,Alterations to shopfront including glazing and new ATM,,2 - 2A Commercial Street Leeds LS1 6AL,LS1 6AL,,,,,,53.797495,-1.543942,https://publicaccess.leeds.gov.uk/online-applications,https://publicaccess.leeds.gov.uk/online-applications/applicationDetails.do?activeTab=summary&keyVal=TD874RJBL1L00,2026-05-01T22:39:41.034092
E60000071_TD8738JBL1I00,E60000071,Leeds,Listed building application for retrospective timber fence above stone wall,,The Greek Orthodox Church Harehills Avenue Chapeltown Leeds LS8 4EU,LS8 4EU,,,,,,53.81801,-1.519705,https://publicaccess.leeds.gov.uk/online-applications,https://publicaccess.leeds.gov.uk/online-applications/applicationDetails.do?activeTab=summary&keyVal=TD8738JBL1I00,2026-05-01T22:39:40.071972
E60000071_TD8737JBL1H00,E60000071,Leeds,Retrospective application for timber fence above stone wall,,The Greek Orthodox Church Harehills Avenue Chapeltown Leeds LS8 4EU,LS8 4EU,,,,,,53.81801,-1.519705,https://publicaccess.leeds.gov.uk/online-applications,https://publicaccess.leeds.gov.uk/online-applications/applicationDetails.do?activeTab=summary&keyVal=TD8737JBL1H00,2026-05-01T22:39:39.970616
E60000071_TD872DJBL1D00,E60000071,Leeds,"Variation of conditions 4 (external materials) and 5 (solar, plant and CCTV) to previously approved ",,Bank House 27 King Street Leeds LS1 2HL,LS1 2HL,,,,,,53.797346,-1.549834,https://publicaccess.leeds.gov.uk/online-applications,https://publicaccess.leeds.gov.uk/online-applications/applicationDetails.do?activeTab=summary&keyVal=TD872DJBL1D00,2026-05-01T22:39:39.032880
E60000071_TD7QH1JBKTU00,E60000071,Leeds,"Three dwellings with domestic garden and parking areas, creation of new access road",,Land Off King Street Drighlington Bradford,,,,,,,,,https://publicaccess.leeds.gov.uk/online-applications,https://publicaccess.leeds.gov.uk/online-applications/applicationDetails.do?activeTab=summary&keyVal=TD7QH1JBKTU00,2026-05-01T22:39:38.088977
E60000071_TD8CEJJBL2R00,E60000071,Leeds,"Consent, agreement or approval required by condition 8 (Landscape and Biodiversity Net Gain Manageme",,Leeds United A F C Ltd Elland Road Beeston Leeds LS11 0ES,LS11 0ES,,FU,,,,53.77773,-1.573108,https://publicaccess.leeds.gov.uk/online-applications,https://publicaccess.leeds.gov.uk/online-applications/applicationDetails.do?activeTab=summary&keyVal=TD8CEJJBL2R00,2026-05-01T22:39:35.609859
E60000071_TD9VZ4JBLB800,E60000071,Leeds,"Certificate of Proposed Lawful Development for an extension to the gable, dormer window to the rear ",,115 Pendas Way Manston Leeds LS15 8HN,LS15 8HN,,,,,,53.811459,-1.439016,https://publicaccess.leeds.gov.uk/online-applications,https://publicaccess.leeds.gov.uk/online-applications/applicationDetails.do?activeTab=summary&keyVal=TD9VZ4JBLB800,2026-05-01T22:39:34.698933
E60000071_TD9QEVJBL9V00,E60000071,Leeds,"T1 - Fell Sycamore tree at the rear of Lidl, opposite The Jade Centre ( see sketch plan). The tree t",,To The Rear Of Lidl 11 Harrogate Road Moortown Leeds LS7 3NB,LS7 3NB,,,,,,53.825368,-1.534858,https://publicaccess.leeds.gov.uk/online-applications,https://publicaccess.leeds.gov.uk/online-applications/applicationDetails.do?activeTab=summary&keyVal=TD9QEVJBL9V00,2026-05-01T22:39:33.730929
E60000071_TD9QE7JBL9T00,E60000071,Leeds,Consent agreement or approval required by condition 4 (level details) of planning application 21/006,,Land East Of Railway Line Halton Moor Avenue Halton Leeds,,,FU,,,,,,https://publicaccess.leeds.gov.uk/online-applications,https://publicaccess.leeds.gov.uk/online-applications/applicationDetails.do?activeTab=summary&keyVal=TD9QE7JBL9T00,2026-05-01T22:39:32.806961
E60000071_TDA70KJB0C000,E60000071,Leeds,"Certificate of Proposed Lawful Development for an extension to the gable, dormer window to the rear ",,116 Buckstone Avenue Moortown Leeds LS17 5ET,LS17 5ET,,,,,,53.851358,-1.5602,https://publicaccess.leeds.gov.uk/online-applications,https://publicaccess.leeds.gov.uk/online-applications/applicationDetails.do?activeTab=summary&keyVal=TDA70KJB0C000,2026-05-01T22:39:32.806247
E60000071_TDA6KCJB0C000,E60000071,Leeds,Retrospective application for part two and single storey extension to both sides and rear of both se,,463-465 Bradford Road Stanningley Pudsey LS28 8ED,LS28 8ED,,,,,,53.803438,-1.695138,https://publicaccess.leeds.gov.uk/online-applications,https://publicaccess.leeds.gov.uk/online-applications/applicationDetails.do?activeTab=summary&keyVal=TDA6KCJB0C000,2026-05-01T22:39:31.833635
E60000071_TDA72VJBLEF00,E60000071,Leeds,T001 - Beech. Carry out further decay analysis using resistance micro-drill or sonic tomograph. T006,,St Marys Hospital Green Hill Road Armley Leeds LS12 3QE,LS12 3QE,,,,,,53.799761,-1.613284,https://publicaccess.leeds.gov.uk/online-applications,https://publicaccess.leeds.gov.uk/online-applications/applicationDetails.do?activeTab=summary&keyVal=TDA72VJBLEF00,2026-05-01T22:39:30.911295
E60000071_TDFIP8JB2QX00,E60000071,Leeds,"Part two storey, part single storey side extension; first floor rear extension incorporating two Jul",,2 Ibbetson Oval Churwell Morley Leeds LS27 7RY,LS27 7RY,,,,,,53.759556,-1.602127,https://publicaccess.leeds.gov.uk/online-applications,https://publicaccess.leeds.gov.uk/online-applications/applicationDetails.do?activeTab=summary&keyVal=TDFIP8JB2QX00,2026-05-01T22:39:29.993864
E60000071_TDA73ZJBLEH00,E60000071,Leeds,"Change of use of part ground floor to form one apartment and alterations to fenestration, existing b",,Lamberts House Apartments 163 Briggate Leeds LS1 6LY,LS1 6LY,,,,,,53.795358,-1.542158,https://publicaccess.leeds.gov.uk/online-applications,https://publicaccess.leeds.gov.uk/online-applications/applicationDetails.do?activeTab=summary&keyVal=TDA73ZJBLEH00,2026-05-01T22:39:29.067745
E60000071_TDA1JFJBLCL00,E60000071,Leeds,Single storey front extension to lower ground floor; extension to second floor rear and additional d,,35 Moorland Avenue Hyde Park Leeds LS6 1AP,LS6 1AP,,,,,,53.808754,-1.565003,https://publicaccess.leeds.gov.uk/online-applications,https://publicaccess.leeds.gov.uk/online-applications/applicationDetails.do?activeTab=summary&keyVal=TDA1JFJBLCL00,2026-05-01T22:39:28.131417
E60000071_TD9L0UJBL7000,E60000071,Leeds,All works highlighted in tree survey report: T006 - Monterey Cypress. Crown lift/reduce branches ext,,St Marys House St Marys Road Potternewton Leeds LS7 3JX,LS7 3JX,,,,,,53.821054,-1.534967,https://publicaccess.leeds.gov.uk/online-applications,https://publicaccess.leeds.gov.uk/online-applications/applicationDetails.do?activeTab=summary&keyVal=TD9L0UJBL7000,2026-05-01T22:39:24.625620
E60000071_TDA70CJBLE900,E60000071,Leeds,New roof with dormer to rear; single-storey rear extension; new rooflights to front,,66 Morris Lane Kirkstall Leeds LS5 3EN,LS5 3EN,,,,,,53.822436,-1.604478,https://publicaccess.leeds.gov.uk/online-applications,https://publicaccess.leeds.gov.uk/online-applications/applicationDetails.do?activeTab=summary&keyVal=TDA70CJBLE900,2026-05-01T22:39:24.523474
E60000071_TD9KUXJBL6I00,E60000071,Leeds,"Consent, agreement or approval required by conditions 3 (material samples), 5 (cycle parking), 7 (st",,Lane Side Farm Victoria Road Churwell Morley Leeds LS27 7PA,LS27 7PA,,FU,,,,53.756647,-1.59498,https://publicaccess.leeds.gov.uk/online-applications,https://publicaccess.leeds.gov.uk/online-applications/applicationDetails.do?activeTab=summary&keyVal=TD9KUXJBL6I00,2026-05-01T22:39:23.596491
E60000071_TDA70RJBLEB00,E60000071,Leeds,"Certificate of Proposed Lawful Development for a dormer window to the rear, rooflights to the front ",,17 Nunroyd Lawn Moor Allerton Leeds LS17 6PJ,LS17 6PJ,,,,,,53.840531,-1.530329,https://publicaccess.leeds.gov.uk/online-applications,https://publicaccess.leeds.gov.uk/online-applications/applicationDetails.do?activeTab=summary&keyVal=TDA70RJBLEB00,2026-05-01T22:39:22.604183
E60000071_TD9L5IJBL7600,E60000071,Leeds,"T001 -Fell Raywood Ash. The report states Reduce crown by approx. 2m however, due to recent poor pru",,Millfield House Kirk Lane Yeadon Leeds LS19 7LX,LS19 7LX,,,,,,53.865447,-1.692042,https://publicaccess.leeds.gov.uk/online-applications,https://publicaccess.leeds.gov.uk/online-applications/applicationDetails.do?activeTab=summary&keyVal=TD9L5IJBL7600,2026-05-01T22:39:21.577391
E60000071_TD9L4NJBL7400,E60000071,Leeds,Certificate of Existing Lawfulness for use as a House in Multiple Occupation,,44 Langdale Terrace Headingley Leeds LS6 3DY,LS6 3DY,,,,,,53.817746,-1.589106,https://publicaccess.leeds.gov.uk/online-applications,https://publicaccess.leeds.gov.uk/online-applications/applicationDetails.do?activeTab=summary&keyVal=TD9L4NJBL7400,2026-05-01T22:39:20.549568
E60000071_TDA71MJBLED00,E60000071,Leeds,"Consent, agreement or approval required by condition 20 (Submission of Verification Reports) of Plan",,Land Adjacent To Wesley Road Armley Leeds 12,,,FU,,,,,,https://publicaccess.leeds.gov.uk/online-applications,https://publicaccess.leeds.gov.uk/online-applications/applicationDetails.do?activeTab=summary&keyVal=TDA71MJBLED00,2026-05-01T22:39:19.531277
E60000071_TD9VY8JBLB400,E60000071,Leeds,Single storey side extension,,11 Prince Henry Road Otley LS21 2BE,LS21 2BE,,,,,,53.913138,-1.692696,https://publicaccess.leeds.gov.uk/online-applications,https://publicaccess.leeds.gov.uk/online-applications/applicationDetails.do?activeTab=summary&keyVal=TD9VY8JBLB400,2026-05-01T22:39:19.530260
E60000071_TD9L6JJBL7800,E60000071,Leeds,"Addition of outbuildings for use as storage, catering and toilets ancillary to existing football clu",,Middleton Leisure Centre Ring Road Middleton Middleton Leeds LS10 4AX,LS10 4AX,,,,,,53.748649,-1.535462,https://publicaccess.leeds.gov.uk/online-applications,https://publicaccess.leeds.gov.uk/online-applications/applicationDetails.do?activeTab=summary&keyVal=TD9L6JJBL7800,2026-05-01T22:39:18.277230
E60000071_TD9VZEJBLBA00,E60000071,Leeds,Single-storey extension to front; conversion of garage to form habitable space with new flat roof an,,Porthilly Common Lane East Ardsley WF3 2EF,WF3 2EF,,,,,,53.73073,-1.548286,https://publicaccess.leeds.gov.uk/online-applications,https://publicaccess.leeds.gov.uk/online-applications/applicationDetails.do?activeTab=summary&keyVal=TD9VZEJBLBA00,2026-05-01T22:39:17.275388
E60000071_TD9VYTJBLB600,E60000071,Leeds,Development of a 60MW Battery Energy Storage System comprising battery skids with self-contained bat,,Storage Land Adjacent 4 Redcote Lane Burley Leeds LS4 2AL,LS4 2AL,,,,,,53.804068,-1.592018,https://publicaccess.leeds.gov.uk/online-applications,https://publicaccess.leeds.gov.uk/online-applications/applicationDetails.do?activeTab=summary&keyVal=TD9VYTJBLB600,2026-05-01T22:39:13.974974
E60000071_TDA1P2JBLCX00,E60000071,Leeds,Consent agreement or approval required by condition 12 (energy statement) of planning application 25,,Trinity Leeds Albion Street Leeds LS1 5AT,LS1 5AT,,FU,,,,53.796596,-1.543936,https://publicaccess.leeds.gov.uk/online-applications,https://publicaccess.leeds.gov.uk/online-applications/applicationDetails.do?activeTab=summary&keyVal=TDA1P2JBLCX00,2026-05-01T22:39:13.873388
E60000071_TDA1O0JBLCV00,E60000071,Leeds,"Consent, agreement or approval required by condition 7 (statement of construction practice) of plann",,Trinity Leeds Albion Street Leeds LS1 5AT,LS1 5AT,,FU,,,,53.796596,-1.543936,https://publicaccess.leeds.gov.uk/online-applications,https://publicaccess.leeds.gov.uk/online-applications/applicationDetails.do?activeTab=summary&keyVal=TDA1O0JBLCV00,2026-05-01T22:39:13.771788
E60000071_TDA1MAJBLCR00,E60000071,Leeds,Single-storey side and rear extension,,99 Westfield Lane Kippax Leeds LS25 7JA,LS25 7JA,,,,,,53.770273,-1.380105,https://publicaccess.leeds.gov.uk/online-applications,https://publicaccess.leeds.gov.uk/online-applications/applicationDetails.do?activeTab=summary&keyVal=TDA1MAJBLCR00,2026-05-01T22:39:12.841746
E60000071_TDA1LRJBLCP00,E60000071,Leeds,Single storey side extension,,34 Victoria Walk Horsforth Leeds LS18 4PP,LS18 4PP,,,,,,53.832081,-1.64827,https://publicaccess.leeds.gov.uk/online-applications,https://publicaccess.leeds.gov.uk/online-applications/applicationDetails.do?activeTab=summary&keyVal=TDA1LRJBLCP00,2026-05-01T22:39:11.818274
E60000071_TD9KYUJBL6U00,E60000071,Leeds,"Part two storey, part single storey side extension",,18 Bramble Court Pool In Wharfedale Otley LS21 1QW,LS21 1QW,,,,,,53.898382,-1.620991,https://publicaccess.leeds.gov.uk/online-applications,https://publicaccess.leeds.gov.uk/online-applications/applicationDetails.do?activeTab=summary&keyVal=TD9KYUJBL6U00,2026-05-01T22:39:10.874690
E60000071_TD9KYIJBL6S00,E60000071,Leeds,"Consent, agreement or approval required by conditions 9 (CLVR) and 26 (Noise Levels) of Planning App",,Guiseley School Fieldhead Road Guiseley Leeds LS20 8DT,LS20 8DT,,FU,,,,53.870524,-1.717432,https://publicaccess.leeds.gov.uk/online-applications,https://publicaccess.leeds.gov.uk/online-applications/applicationDetails.do?activeTab=summary&keyVal=TD9KYIJBL6S00,2026-05-01T22:39:09.973908
E60000071_TD9KWYJBL6O00,E60000071,Leeds,"Construction of one detached dwelling with associated amenity space, parking and landscaping",,Land Adjacent To 39 Pool Road Otley Leeds LS21 1HL,LS21 1HL,,,,,,53.907594,-1.679434,https://publicaccess.leeds.gov.uk/online-applications,https://publicaccess.leeds.gov.uk/online-applications/applicationDetails.do?activeTab=summary&keyVal=TD9KWYJBL6O00,2026-05-01T22:39:09.872261
E60000071_TD9KWDJBL6L00,E60000071,Leeds,Replacement illuminated fascia sign; new signage to canopy,,Finning Materials Handling Gelderd Road Gildersome Morley Leeds LS27 7JS,LS27 7JS,,,,,,53.753382,-1.630348,https://publicaccess.leeds.gov.uk/online-applications,https://publicaccess.leeds.gov.uk/online-applications/applicationDetails.do?activeTab=summary&keyVal=TD9KWDJBL6L00,2026-05-01T22:39:09.771125
E60000071_TD9KWCJBL6K00,E60000071,Leeds,External alterations including new cladding; replacement of existing white UPVC windows with black a,,Finning Materials Handling Gelderd Road Gildersome Morley Leeds LS27 7JS,LS27 7JS,,,,,,53.753382,-1.630348,https://publicaccess.leeds.gov.uk/online-applications,https://publicaccess.leeds.gov.uk/online-applications/applicationDetails.do?activeTab=summary&keyVal=TD9KWCJBL6K00,2026-05-01T22:39:09.669984
E60000071_TD9W09JBLBE00,E60000071,Leeds,"6.00m single storey rear extension, 3.75m to ridge height and 2.52m to eaves",,29 Home Lea Rothwell Leeds LS26 0PP,LS26 0PP,,,,,,53.756828,-1.491205,https://publicaccess.leeds.gov.uk/online-applications,https://publicaccess.leeds.gov.uk/online-applications/applicationDetails.do?activeTab=summary&keyVal=TD9W09JBLBE00,2026-05-01T22:39:06.525439
E60000071_TD9W00JBLBC00,E60000071,Leeds,Single-storey extension to rear,,9 Mosedale Drive Whinmoor Leeds LS14 1FT,LS14 1FT,,,,,,53.838902,-1.449227,https://publicaccess.leeds.gov.uk/online-applications,https://publicaccess.leeds.gov.uk/online-applications/applicationDetails.do?activeTab=summary&keyVal=TD9W00JBLBC00,2026-05-01T22:39:05.690260
E60000071_TDA1LCJBLCN00,E60000071,Leeds,Consent agreement or approval required by condition 2 (car club parking space) of planning applicati,,Land To The South Of The A64 York Road And The North Of Leeds Road Leeds,,,RM,,,,,,https://publicaccess.leeds.gov.uk/online-applications,https://publicaccess.leeds.gov.uk/online-applications/applicationDetails.do?activeTab=summary&keyVal=TDA1LCJBLCN00,2026-05-01T22:39:04.783780
E60000071_TD9L14JBL7200,E60000071,Leeds,Single storey extension to existing rear extension with alteration to the roof of the rear extension,,24 Primley Park Mount Alwoodley Leeds LS17 7JS,LS17 7JS,,,,,,53.855166,-1.533358,https://publicaccess.leeds.gov.uk/online-applications,https://publicaccess.leeds.gov.uk/online-applications/applicationDetails.do?activeTab=summary&keyVal=TD9L14JBL7200,2026-05-01T22:39:04.783005
E60000071_TDF4WXJBLWU00,E60000071,Leeds,"Consent, agreement or approval required by conditions 17 (Footpath) and 35 (Western Path) of Plannin",,Land East Of Railway Line Halton Moor Avenue Halton Leeds,,,FU,,,,,,https://publicaccess.leeds.gov.uk/online-applications,https://publicaccess.leeds.gov.uk/online-applications/applicationDetails.do?activeTab=summary&keyVal=TDF4WXJBLWU00,2026-05-01T22:39:03.660068
E60000071_TDFFYQJBLYY00,E60000071,Leeds,Single-storey side extension to create integrated garage and habitable space; new window to rear,,68 Hawthorn Avenue Yeadon Leeds LS19 7UH,LS19 7UH,,,,,,53.86722,-1.682677,https://publicaccess.leeds.gov.uk/online-applications,https://publicaccess.leeds.gov.uk/online-applications/applicationDetails.do?activeTab=summary&keyVal=TDFFYQJBLYY00,2026-05-01T22:39:03.659027
E60000071_TDFLISJBM0600,E60000071,Leeds,Certificate of Proposed Lawful Development for a dormer window to the rear and rooflights to the fro,,3 Stoney Croft Horsforth Leeds LS18 4RB,LS18 4RB,,,,,,53.835217,-1.641861,https://publicaccess.leeds.gov.uk/online-applications,https://publicaccess.leeds.gov.uk/online-applications/applicationDetails.do?activeTab=summary&keyVal=TDFLISJBM0600,2026-05-01T22:39:02.432312
E60000071_TDFELHJB0C000,E60000071,Leeds,Certificate of Existing Lawful Development for Use as a house in multiple occupation,,35 Victoria Road Hyde Park Leeds LS6 1AS,LS6 1AS,,,,,,53.814757,-1.564592,https://publicaccess.leeds.gov.uk/online-applications,https://publicaccess.leeds.gov.uk/online-applications/applicationDetails.do?activeTab=summary&keyVal=TDFELHJB0C000,2026-05-01T22:39:01.301630
E60000071_TDF51NJBLX000,E60000071,Leeds,T1 Holly: To be removed to ground level or as low as site allows. T2 Hawthorn: To be removed to grou,,48 Newton Court Roundhay Leeds LS8 2PH,LS8 2PH,,,,,,53.824475,-1.49616,https://publicaccess.leeds.gov.uk/online-applications,https://publicaccess.leeds.gov.uk/online-applications/applicationDetails.do?activeTab=summary&keyVal=TDF51NJBLX000,2026-05-01T22:38:59.974154
E60000071_TDFR2HJBM1C00,E60000071,Leeds,T1 - Conifer Reduce in height from 7m to 4m to bring the tree in line with the adjacent hedge.,,Hollin House Weetwood Avenue Weetwood Leeds LS16 5NG,LS16 5NG,,,,,,53.831825,-1.579746,https://publicaccess.leeds.gov.uk/online-applications,https://publicaccess.leeds.gov.uk/online-applications/applicationDetails.do?activeTab=summary&keyVal=TDFR2HJBM1C00,2026-05-01T22:38:58.541289
E60000071_TDF55RJBLXE00,E60000071,Leeds,Certificate of Proposed Lawful Development for a pergola to the rear,,1 Craggwood Road Horsforth Leeds LS18 4RW,LS18 4RW,,,,,,,,https://publicaccess.leeds.gov.uk/online-applications,https://publicaccess.leeds.gov.uk/online-applications/applicationDetails.do?activeTab=summary&keyVal=TDF55RJBLXE00,2026-05-01T22:38:54.879266
E60000071_TDF55EJBLXC00,E60000071,Leeds,Certificate of Proposed Lawful Development for a single storey extensions to the front,,19 Ingleborough Drive Morley Leeds LS27 9DT,LS27 9DT,,,,,,53.738005,-1.589322,https://publicaccess.leeds.gov.uk/online-applications,https://publicaccess.leeds.gov.uk/online-applications/applicationDetails.do?activeTab=summary&keyVal=TDF55EJBLXC00,2026-05-01T22:38:48.951985
E60000071_TDF552JBLXA00,E60000071,Leeds,Certificate of Proposed Lawful Development for a single storey extension to the rear,,10 Old Oak Drive West Park Leeds LS16 5HB,LS16 5HB,,,,,,53.83195,-1.60603,https://publicaccess.leeds.gov.uk/online-applications,https://publicaccess.leeds.gov.uk/online-applications/applicationDetails.do?activeTab=summary&keyVal=TDF552JBLXA00,2026-05-01T22:38:47.990095
E60000071_TDF54QJBLX800,E60000071,Leeds,Consent agreement or approval required by conditions 3 (stone cleaning) and 4 (repointing works) of ,,The Lodge Arthington Lane Arthington Otley LS21 1PH,LS21 1PH,,LI,,,,53.900142,-1.585165,https://publicaccess.leeds.gov.uk/online-applications,https://publicaccess.leeds.gov.uk/online-applications/applicationDetails.do?activeTab=summary&keyVal=TDF54QJBLX800,2026-05-01T22:38:46.958240
E60000071_TDF4Z1JBLWY00,E60000071,Leeds,"Subdivision of single dwelling to form two semi detached dwellings, demolition of existing conservat",,Clifford Moor Cottage Rhodes Lane Clifford Wetherby LS23 6LQ,LS23 6LQ,,,,,,53.89582,-1.36661,https://publicaccess.leeds.gov.uk/online-applications,https://publicaccess.leeds.gov.uk/online-applications/applicationDetails.do?activeTab=summary&keyVal=TDF4Z1JBLWY00,2026-05-01T22:38:46.070155
E60000071_TDF4W2JBLWS00,E60000071,Leeds,Certificate of Proposed Lawful Development for demolition of existing garage and replacement utility,,7 Ash Hill Lane Shadwell Leeds LS17 8JN,LS17 8JN,,,,,,53.852779,-1.471225,https://publicaccess.leeds.gov.uk/online-applications,https://publicaccess.leeds.gov.uk/online-applications/applicationDetails.do?activeTab=summary&keyVal=TDF4W2JBLWS00,2026-05-01T22:38:45.326392
E60000071_TDF534JBLX400,E60000071,Leeds,Certificate of Proposed Lawful Development for a dormer window to the rear and rooflights to the fro,,9 Nesfield Road Belle Isle Leeds LS10 3LE,LS10 3LE,,,,,,53.755066,-1.523956,https://publicaccess.leeds.gov.uk/online-applications,https://publicaccess.leeds.gov.uk/online-applications/applicationDetails.do?activeTab=summary&keyVal=TDF534JBLX400,2026-05-01T22:38:44.213492
E60000071_TDFR27JBM1A00,E60000071,Leeds,"Consent, agreement or approval required by condition 10 (Submission of Verification Report(s)) of Pl",,47 Hough Side Road Pudsey Leeds LS28 9JP,LS28 9JP,,FU,,,,53.796055,-1.647645,https://publicaccess.leeds.gov.uk/online-applications,https://publicaccess.leeds.gov.uk/online-applications/applicationDetails.do?activeTab=summary&keyVal=TDFR27JBM1A00,2026-05-01T22:38:43.418937
E60000071_TDFP3ZJB2O200,E60000071,Leeds,Removal of conservatory to rear and replace with single storey rear extension with balustrade balcon,,27 Eden Mount Burley Leeds LS4 2TD,LS4 2TD,,,,,,,,https://publicaccess.leeds.gov.uk/online-applications,https://publicaccess.leeds.gov.uk/online-applications/applicationDetails.do?activeTab=summary&keyVal=TDFP3ZJB2O200,2026-05-01T22:38:42.619344
E60000071_TDGZMFJBJR700,E60000071,Leeds,T1 Oak: Remove damage primary scaffold overhanging The Foxhills. Scaffold to be either reduced to su,,72 Carr Bridge Drive Cookridge Leeds LS16 7JY,LS16 7JY,,,,,,53.850792,-1.624065,https://publicaccess.leeds.gov.uk/online-applications,https://publicaccess.leeds.gov.uk/online-applications/applicationDetails.do?activeTab=summary&keyVal=TDGZMFJBJR700,2026-05-01T22:38:36.748395
E60000071_TDHEWVJB0C000,E60000071,Leeds,Demolition of existing lean to extension and erection of two storey side extension; addition of roof,,Cemetery Lodge Pool Road Otley LS21 1HL,LS21 1HL,,,,,,53.907594,-1.679434,https://publicaccess.leeds.gov.uk/online-applications,https://publicaccess.leeds.gov.uk/online-applications/applicationDetails.do?activeTab=summary&keyVal=TDHEWVJB0C000,2026-05-01T22:38:33.438952
E60000071_TDHA6IJB0C000,E60000071,Leeds,"Certificate of Proposed Lawful Development for an extension to the gable, dormer window to the rear ",,11 Southlands Avenue Rawdon Leeds LS19 6JN,LS19 6JN,,,,,,53.842282,-1.667273,https://publicaccess.leeds.gov.uk/online-applications,https://publicaccess.leeds.gov.uk/online-applications/applicationDetails.do?activeTab=summary&keyVal=TDHA6IJB0C000,2026-05-01T22:38:32.421580
E60000071_TDHI95JB33M00,E60000071,Leeds,T1 Oak: To remove epicormic growth from the main stem to 4m above ground level and all major deadwoo,,1 Eddison Walk Adel Leeds LS16 8DA,LS16 8DA,,,,,,53.856218,-1.57707,https://publicaccess.leeds.gov.uk/online-applications,https://publicaccess.leeds.gov.uk/online-applications/applicationDetails.do?activeTab=summary&keyVal=TDHI95JB33M00,2026-05-01T22:38:31.528937
E60000071_TDHLW4JBK0C00,E60000071,Leeds,T63 Semi mature Fir: Remove due to significant lean towards property caused by Storm conditions and ,,Pine House 1 Spencer Court Shadwell Leeds LS17 8AN,LS17 8AN,,,,,,53.856296,-1.486292,https://publicaccess.leeds.gov.uk/online-applications,https://publicaccess.leeds.gov.uk/online-applications/applicationDetails.do?activeTab=summary&keyVal=TDHLW4JBK0C00,2026-05-01T22:38:30.601113
E60000071_TDHLUIJBK0A00,E60000071,Leeds,Replacement porch to front; demolition of garage and construction of new garage,,41 Westbourne Grove Otley LS21 3LJ,LS21 3LJ,,,,,,53.900787,-1.709969,https://publicaccess.leeds.gov.uk/online-applications,https://publicaccess.leeds.gov.uk/online-applications/applicationDetails.do?activeTab=summary&keyVal=TDHLUIJBK0A00,2026-05-01T22:38:29.663929
E60000071_TDGZP2JBJRG00,E60000071,Leeds,"Listed Building application for internal alterations including alterations to staircase, removal and",,2 Colton Road Whitkirk Leeds LS15 9AA,LS15 9AA,,,,,,53.796881,-1.448927,https://publicaccess.leeds.gov.uk/online-applications,https://publicaccess.leeds.gov.uk/online-applications/applicationDetails.do?activeTab=summary&keyVal=TDGZP2JBJRG00,2026-05-01T22:38:28.699295
E60000071_TDGZP1JBJRF00,E60000071,Leeds,"Alterations to existing dwelling with Removal and infill to second floor window, replacement of an e",,2 Colton Road Whitkirk Leeds LS15 9AA,LS15 9AA,,,,,,53.796881,-1.448927,https://publicaccess.leeds.gov.uk/online-applications,https://publicaccess.leeds.gov.uk/online-applications/applicationDetails.do?activeTab=summary&keyVal=TDGZP1JBJRF00,2026-05-01T22:38:28.598106
E60000071_TDGZOBJBJRD00,E60000071,Leeds,Certificate of Proposed Lawful Development for a single storey extension to rear,,6 Trinity Rise Otley LS21 1RG,LS21 1RG,,,,,,53.903208,-1.682937,https://publicaccess.leeds.gov.uk/online-applications,https://publicaccess.leeds.gov.uk/online-applications/applicationDetails.do?activeTab=summary&keyVal=TDGZOBJBJRD00,2026-05-01T22:38:27.613472
E60000071_TDHAODJBJXU00,E60000071,Leeds,Erection of service kiosk,,Land At Walled Garden Rose Lodge Temple Newsam,,,,,,,,,https://publicaccess.leeds.gov.uk/online-applications,https://publicaccess.leeds.gov.uk/online-applications/applicationDetails.do?activeTab=summary&keyVal=TDHAODJBJXU00,2026-05-01T22:38:21.984321
E60000071_TDGZKNJBJR300,E60000071,Leeds,"Consent, agreement or approval required by conditions 3 (Submission Report and Remediation Strategy)",,Fairseat House 302 High Street Boston Spa Wetherby LS23 6AJ,LS23 6AJ,,FU,,,,53.901668,-1.337649,https://publicaccess.leeds.gov.uk/online-applications,https://publicaccess.leeds.gov.uk/online-applications/applicationDetails.do?activeTab=summary&keyVal=TDGZKNJBJR300,2026-05-01T22:38:21.983622
E60000071_TDGZS4JBJRN00,E60000071,Leeds,Ti-Fir Reduce height by 2.5m (30%) raising of lower branches to 2.5m and reduction of all aspects of,,4 Lidgett Park Road Lidgett Park Leeds LS8 1EQ,LS8 1EQ,,,,,,53.83815,-1.51016,https://publicaccess.leeds.gov.uk/online-applications,https://publicaccess.leeds.gov.uk/online-applications/applicationDetails.do?activeTab=summary&keyVal=TDGZS4JBJRN00,2026-05-01T22:38:18.715833
E60000071_TDHG6WJBJZ300,E60000071,Leeds,Certificate of Proposed Lawful Development for a dormer window to the rear,,45 New Adel Lane Adel Leeds LS16 6BA,LS16 6BA,,,,,,53.849069,-1.599638,https://publicaccess.leeds.gov.uk/online-applications,https://publicaccess.leeds.gov.uk/online-applications/applicationDetails.do?activeTab=summary&keyVal=TDHG6WJBJZ300,2026-05-01T22:38:18.614623
E60000071_TDHLWJJBK0E00,E60000071,Leeds,Certificate of Proposed Lawful Development for the replacement of timber windows with UPVC double gl,,179 Stonegate Road Meanwood Leeds LS6 4PU,LS6 4PU,,,,,,53.837934,-1.553973,https://publicaccess.leeds.gov.uk/online-applications,https://publicaccess.leeds.gov.uk/online-applications/applicationDetails.do?activeTab=summary&keyVal=TDHLWJJBK0E00,2026-05-01T22:38:17.475978
E60000071_TDHJPQJB2O200,E60000071,Leeds,"Consent, agreement or approval required by conditions 8 (Archaeological Recording), 9 (Statement of ",,"Land Between Wetherby Road, Skeltons Lane And York Road Leeds LS14",,,OT,,,,,,https://publicaccess.leeds.gov.uk/online-applications,https://publicaccess.leeds.gov.uk/online-applications/applicationDetails.do?activeTab=summary&keyVal=TDHJPQJB2O200,2026-05-01T22:38:16.501384
E60000071_TDHANMJBJXR00,E60000071,Leeds,Listed building application for retrospective alterations to the former swimming pool building to cr,,Cliffe House Day Nursery 9 Adel Square Lane Adel Leeds LS16 8NF,LS16 8NF,,,,,,,,https://publicaccess.leeds.gov.uk/online-applications,https://publicaccess.leeds.gov.uk/online-applications/applicationDetails.do?activeTab=summary&keyVal=TDHANMJBJXR00,2026-05-01T22:38:16.500675
E60000071_TDHANLJBJXQ00,E60000071,Leeds,Retrospective Alterations to the former swimming pool building to create a day nursery including int,,Cliffe House Day Nursery 9 Adel Square Lane Adel Leeds LS16 8NF,LS16 8NF,,,,,,,,https://publicaccess.leeds.gov.uk/online-applications,https://publicaccess.leeds.gov.uk/online-applications/applicationDetails.do?activeTab=summary&keyVal=TDHANLJBJXQ00,2026-05-01T22:38:16.399540
E60000071_TDGZMYJBJR900,E60000071,Leeds,Retrospective application for boundary fence to side,,3 New Adel Avenue Adel Leeds LS16 6BE,LS16 6BE,,,,,,53.848215,-1.602534,https://publicaccess.leeds.gov.uk/online-applications,https://publicaccess.leeds.gov.uk/online-applications/applicationDetails.do?activeTab=summary&keyVal=TDGZMYJBJR900,2026-05-01T22:38:10.409913
E60000071_TDHAL3JBJXO00,E60000071,Leeds,Variation of condition 5 (restriction of residents/staff) to previously approved Planning Applicatio,,26 West Park Road Roundhay Leeds LS8 2HB,LS8 2HB,,,,,,53.844479,-1.504082,https://publicaccess.leeds.gov.uk/online-applications,https://publicaccess.leeds.gov.uk/online-applications/applicationDetails.do?activeTab=summary&keyVal=TDHAL3JBJXO00,2026-05-01T22:38:09.385049
E60000071_TDGZPPJBJRL00,E60000071,Leeds,"4.00m single storey rear extension, 4.00m to ridge height and 3.00m to eaves",,23 Second Avenue Rawdon Leeds LS19 6NH,LS19 6NH,,,,,,53.857633,-1.677003,https://publicaccess.leeds.gov.uk/online-applications,https://publicaccess.leeds.gov.uk/online-applications/applicationDetails.do?activeTab=summary&keyVal=TDGZPPJBJRL00,2026-05-01T22:38:08.361232
E60000071_TDGZPEJBJRJ00,E60000071,Leeds,Detached single storey double garage to rear,,3 Woodhall Drive Kirkstall Leeds LS5 3LQ,LS5 3LQ,,,,,,53.826411,-1.619177,https://publicaccess.leeds.gov.uk/online-applications,https://publicaccess.leeds.gov.uk/online-applications/applicationDetails.do?activeTab=summary&keyVal=TDGZPEJBJRJ00,2026-05-01T22:38:07.132661
E60000071_TDHG77JBJZ500,E60000071,Leeds,T1 Ash: Fell. The tree is showing early signs of Ash Dieback and is situated immediately adjacent to,,"Walker Court, Units 2 And 3 And Rear Of Unit 1 Walker Court Audby Lane Wetherby LS22 7FD",LS22 7FD,,,,,,53.933665,-1.379746,https://publicaccess.leeds.gov.uk/online-applications,https://publicaccess.leeds.gov.uk/online-applications/applicationDetails.do?activeTab=summary&keyVal=TDHG77JBJZ500,2026-05-01T22:38:03.547117
E60000071_TDGZM4JBJR500,E60000071,Leeds,Fitting of external wall insulation with brick slip and render finishes to three dwellings located o,,"71, 125 And 135 Foundry Mill Drive Seacroft Leeds LS14 6SE",LS14 6SE,,,,,,53.816845,-1.479574,https://publicaccess.leeds.gov.uk/online-applications,https://publicaccess.leeds.gov.uk/online-applications/applicationDetails.do?activeTab=summary&keyVal=TDGZM4JBJR500,2026-05-01T22:38:02.422257
E60000071_TDJJUDJB14E00,E60000071,Leeds,T1 Ash: To crown lift from ground level due to over hanging neighbours garden back to main stem to a,,10 South View Terrace Yeadon Leeds LS19 7QL,LS19 7QL,,,,,,53.864151,-1.680982,https://publicaccess.leeds.gov.uk/online-applications,https://publicaccess.leeds.gov.uk/online-applications/applicationDetails.do?activeTab=summary&keyVal=TDJJUDJB14E00,2026-05-01T22:38:01.399981
E60000071_TDJ5DUJBK8P00,E60000071,Leeds,Certificate of Existing Lawful Development for Use as a house in multiple occupancy,,25 Harold Avenue Hyde Park Leeds LS6 1JR,LS6 1JR,,,,,,53.809995,-1.572507,https://publicaccess.leeds.gov.uk/online-applications,https://publicaccess.leeds.gov.uk/online-applications/applicationDetails.do?activeTab=summary&keyVal=TDJ5DUJBK8P00,2026-05-01T22:38:00.417453
E60000071_TDIUG1JBK4C00,E60000071,Leeds,"T1 Ash: Removal of a substantial primary limb extending in a south-westerly direction, which overhan",,1 Millgarth Court Collingham Wetherby LS22 5JZ,LS22 5JZ,,,,,,53.907153,-1.410703,https://publicaccess.leeds.gov.uk/online-applications,https://publicaccess.leeds.gov.uk/online-applications/applicationDetails.do?activeTab=summary&keyVal=TDIUG1JBK4C00,2026-05-01T22:37:59.451451
E60000071_TDJGL8JBKB200,E60000071,Leeds,Determination for Installation of roof-mounted solar photovoltaic panels on 2 No. buildings: the Nor,,St Marys House St Marys Road Potternewton Leeds LS7 3JX,LS7 3JX,,,,,,53.821054,-1.534967,https://publicaccess.leeds.gov.uk/online-applications,https://publicaccess.leeds.gov.uk/online-applications/applicationDetails.do?activeTab=summary&keyVal=TDJGL8JBKB200,2026-05-01T22:37:58.424608
E60000071_TDIUFQJBK4A00,E60000071,Leeds,Installation of external extract flue to rear,,9 - 11 Hyde Park Road Hyde Park Leeds LS6 1PY,LS6 1PY,,,,,,53.805731,-1.56918,https://publicaccess.leeds.gov.uk/online-applications,https://publicaccess.leeds.gov.uk/online-applications/applicationDetails.do?activeTab=summary&keyVal=TDIUFQJBK4A00,2026-05-01T22:37:57.405262
E60000071_TDJFAOJB14E00,E60000071,Leeds,2 x Lombardy Poplars: Remove,,4 Calverley Road Oulton Leeds LS26 8JQ,LS26 8JQ,,,,,,53.749644,-1.453775,https://publicaccess.leeds.gov.uk/online-applications,https://publicaccess.leeds.gov.uk/online-applications/applicationDetails.do?activeTab=summary&keyVal=TDJFAOJB14E00,2026-05-01T22:37:56.312111
E60000071_TDJGFLJBKAS00,E60000071,Leeds,"Consent, agreement or approval required by conditions 4 (Watching Brief), 5 (Internal Details), 6b (",,Lazencroft Farm Manston Lane Manston Leeds LS15 8AD,LS15 8AD,,LI,,,,53.805477,-1.42092,https://publicaccess.leeds.gov.uk/online-applications,https://publicaccess.leeds.gov.uk/online-applications/applicationDetails.do?activeTab=summary&keyVal=TDJGFLJBKAS00,2026-05-01T22:37:55.395920
E60000071_TDIUCOJBK4000,E60000071,Leeds,Retrospective change of use from vehicle storage yard to remote car sales with erection of cabin bui,,Land Adjacent To 2 Townclose View Kippax Leeds LS25 7SF,LS25 7SF,,,,,,53.764364,-1.382862,https://publicaccess.leeds.gov.uk/online-applications,https://publicaccess.leeds.gov.uk/online-applications/applicationDetails.do?activeTab=summary&keyVal=TDIUCOJBK4000,2026-05-01T22:37:55.294976
E60000071_TDJ3D4JB33M00,E60000071,Leeds,Leylandii hedge - 11 trees - Fell to ground level The hedge is in poor condition due to historic mis,,13 Dales Way Guiseley Leeds LS20 8JN,LS20 8JN,,,,,,53.872247,-1.731975,https://publicaccess.leeds.gov.uk/online-applications,https://publicaccess.leeds.gov.uk/online-applications/applicationDetails.do?activeTab=summary&keyVal=TDJ3D4JB33M00,2026-05-01T22:37:51.920657
E60000071_TDJLO6JB2QX00,E60000071,Leeds,T1 and T2 Beech - To reduce the crown by 2m all round to the level of previous pruning,,Linton Village Hall Linton Lane Linton Wetherby LS22 4HL,LS22 4HL,,,,,,53.91833,-1.406207,https://publicaccess.leeds.gov.uk/online-applications,https://publicaccess.leeds.gov.uk/online-applications/applicationDetails.do?activeTab=summary&keyVal=TDJLO6JB2QX00,2026-05-01T22:37:50.968199
E60000071_TDJ5E5JBK8R00,E60000071,Leeds,T1 Mature Beech: Tree works proposed are for a 20% reduction comprised of a height reduction of 1.8 ,,The Coach House 9 Castle Hill Woodacre Lane Bardsey Leeds LS17 9BT,LS17 9BT,,,,,,53.88436,-1.444614,https://publicaccess.leeds.gov.uk/online-applications,https://publicaccess.leeds.gov.uk/online-applications/applicationDetails.do?activeTab=summary&keyVal=TDJ5E5JBK8R00,2026-05-01T22:37:50.011279
E60000071_TDJ5AIJBK8J00,E60000071,Leeds,Demolition of existing rear extension; construction of single-storey extension to rear; extension of,,58 Bishop Way West Ardsley Wakefield WF3 1UA,WF3 1UA,,,,,,53.725996,-1.568494,https://publicaccess.leeds.gov.uk/online-applications,https://publicaccess.leeds.gov.uk/online-applications/applicationDetails.do?activeTab=summary&keyVal=TDJ5AIJBK8J00,2026-05-01T22:37:49.009201
E60000071_TDJGJOJBKB000,E60000071,Leeds,"Consent, agreement or approval of Conditions 11 and 12 of Planning Application 22/04926/FU",,34 - 34A Chapeltown Pudsey LS28 8BL,LS28 8BL,,FU,,,,53.792272,-1.670127,https://publicaccess.leeds.gov.uk/online-applications,https://publicaccess.leeds.gov.uk/online-applications/applicationDetails.do?activeTab=summary&keyVal=TDJGJOJBKB000,2026-05-01T22:37:47.574499
E60000071_TDJAVZJBK9X00,E60000071,Leeds,T906 Cherry - Remove to ground level and treat stump to prevent any regrowth. T907 Horse Chestnut - ,,Christ The King Church Houghley Lane Bramley Leeds LS13 2DX,LS13 2DX,,,,,,53.807,-1.617211,https://publicaccess.leeds.gov.uk/online-applications,https://publicaccess.leeds.gov.uk/online-applications/applicationDetails.do?activeTab=summary&keyVal=TDJAVZJBK9X00,2026-05-01T22:37:46.653505
E60000071_TDJGGXJBKAU00,E60000071,Leeds,"Consent, agreement or approval required by conditions 4 (disabled parking), 6 (EV Charging), 8 (cycl",,Lazencroft Farm Manston Lane Manston Leeds LS15 8AD,LS15 8AD,,FU,,,,53.805477,-1.42092,https://publicaccess.leeds.gov.uk/online-applications,https://publicaccess.leeds.gov.uk/online-applications/applicationDetails.do?activeTab=summary&keyVal=TDJGGXJBKAU00,2026-05-01T22:37:45.532707
E60000071_TDJAXAJBK9Z00,E60000071,Leeds,"It has been recommended that pruning works be undertaken to the following trees, as referenced in th",,Land South Selby Road Garforth Leeds,,,,,,,,,https://publicaccess.leeds.gov.uk/online-applications,https://publicaccess.leeds.gov.uk/online-applications/applicationDetails.do?activeTab=summary&keyVal=TDJAXAJBK9Z00,2026-05-01T22:37:44.605497
E60000071_TDJAUEJBK9U00,E60000071,Leeds,Single storey rear extension,,18 The Village Thorp Arch Wetherby LS23 7AG,LS23 7AG,,,,,,53.909439,-1.341987,https://publicaccess.leeds.gov.uk/online-applications,https://publicaccess.leeds.gov.uk/online-applications/applicationDetails.do?activeTab=summary&keyVal=TDJAUEJBK9U00,2026-05-01T22:37:44.604774
E60000071_TDIUF9JBK4800,E60000071,Leeds,Dormer window to front,,3 Red Hall Drive Whinmoor Leeds LS14 1EH,LS14 1EH,,,,,,53.840008,-1.465261,https://publicaccess.leeds.gov.uk/online-applications,https://publicaccess.leeds.gov.uk/online-applications/applicationDetails.do?activeTab=summary&keyVal=TDIUF9JBK4800,2026-05-01T22:37:43.682931
E60000071_TDIUEVJBK4600,E60000071,Leeds,"New windows and rooflights to sides; replacement windows and doors to front, sides, and rear",,Grove Lodge 254 Main Street Shadwell Leeds LS17 8LB,LS17 8LB,,,,,,53.851243,-1.467398,https://publicaccess.leeds.gov.uk/online-applications,https://publicaccess.leeds.gov.uk/online-applications/applicationDetails.do?activeTab=summary&keyVal=TDIUEVJBK4600,2026-05-01T22:37:40.224393
E60000071_TDIUE5JBK4200,E60000071,Leeds,"Consent, agreement or approval required by condition 24 (Sustainability) of Planning Application 25/",,Verity House 6 Canal Wharf Holbeck Leeds LS11 5BQ,LS11 5BQ,,FU,,,,53.792406,-1.550569,https://publicaccess.leeds.gov.uk/online-applications,https://publicaccess.leeds.gov.uk/online-applications/applicationDetails.do?activeTab=summary&keyVal=TDIUE5JBK4200,2026-05-01T22:37:39.296713
E60000071_TDJGBTJB14E00,E60000071,Leeds,Emergency Tree Works: T1 Sycmoare: Fell,,6 Bridge Street Otley LS21 3AZ,LS21 3AZ,,,,,,53.906689,-1.694433,https://publicaccess.leeds.gov.uk/online-applications,https://publicaccess.leeds.gov.uk/online-applications/applicationDetails.do?activeTab=summary&keyVal=TDJGBTJB14E00,2026-05-01T22:37:38.260516
E60000071_TDL5I2JBKK400,E60000071,Leeds,T1- Silver Birch - Reduce overall height by approximately 15ft (from 45ft to 30ft) and prune lateral,,38 Hawksworth Lane Guiseley Leeds LS20 8HE,LS20 8HE,,,,,,53.868699,-1.733047,https://publicaccess.leeds.gov.uk/online-applications,https://publicaccess.leeds.gov.uk/online-applications/applicationDetails.do?activeTab=summary&keyVal=TDL5I2JBKK400,2026-05-01T22:37:37.308811
E60000071_TDLB5JJBKL300,E60000071,Leeds,Listed building application for redecoration to windows and doors; external additions including alte,,Bills Restaurant 1 Albion Place Leeds LS1 6JL,LS1 6JL,,,,,,53.797992,-1.544559,https://publicaccess.leeds.gov.uk/online-applications,https://publicaccess.leeds.gov.uk/online-applications/applicationDetails.do?activeTab=summary&keyVal=TDLB5JJBKL300,2026-05-01T22:37:36.298687
E60000071_TDKUYPJBKHU00,E60000071,Leeds,Certificate of Existing Lawful Development for construction of building for boarding kennels,,Sandgate Boarding Kennels The Bungalow Sandgate Lane Kippax Leeds LS25 4BJ,LS25 4BJ,,,,,,53.779808,-1.355911,https://publicaccess.leeds.gov.uk/online-applications,https://publicaccess.leeds.gov.uk/online-applications/applicationDetails.do?activeTab=summary&keyVal=TDKUYPJBKHU00,2026-05-01T22:37:36.197673
E60000071_TDKZVHJB2O200,E60000071,Leeds,Demolition of existing chimney to rear; new dormer windows to rear,,256A Burley Road Burley Leeds LS4 2LA,LS4 2LA,,,,,,53.807762,-1.578984,https://publicaccess.leeds.gov.uk/online-applications,https://publicaccess.leeds.gov.uk/online-applications/applicationDetails.do?activeTab=summary&keyVal=TDKZVHJB2O200,2026-05-01T22:37:35.183802
E60000071_TDLB7EJBKL800,E60000071,Leeds,Installation of nine air condenser units to side,,Valley Mills Whitehall Road Drighlington Bradford BD11 1NQ,BD11 1NQ,,,,,,53.764557,-1.646208,https://publicaccess.leeds.gov.uk/online-applications,https://publicaccess.leeds.gov.uk/online-applications/applicationDetails.do?activeTab=summary&keyVal=TDLB7EJBKL800,2026-05-01T22:37:34.172365
E60000071_TDKP8LJBKE400,E60000071,Leeds,Removal of existing septic tank to relocate and install bio-disc water treatment plant; associated w,,Highwood Millfield Farm Harrogate Road Harewood Leeds LS17 9JB,LS17 9JB,,,,,,53.868562,-1.522777,https://publicaccess.leeds.gov.uk/online-applications,https://publicaccess.leeds.gov.uk/online-applications/applicationDetails.do?activeTab=summary&keyVal=TDKP8LJBKE400,2026-05-01T22:37:33.135665
E60000071_TDKUTQJBKHS00,E60000071,Leeds,"Consent, agreement or approval required by conditions 6 (Soil) and 25 (Drainage to any tree pits)of ",,Land Between Westgate And Cropper Gate Leeds LS1,,,FU,,,,,,https://publicaccess.leeds.gov.uk/online-applications,https://publicaccess.leeds.gov.uk/online-applications/applicationDetails.do?activeTab=summary&keyVal=TDKUTQJBKHS00,2026-05-01T22:37:32.136641
E60000071_TDKPDBJBKEB00,E60000071,Leeds,Demolition of existing rear extension and detached garage; construction of single-storey side and re,,50 North Park Avenue Lidgett Park Leeds LS8 1EY,LS8 1EY,,,,,,53.838507,-1.516173,https://publicaccess.leeds.gov.uk/online-applications,https://publicaccess.leeds.gov.uk/online-applications/applicationDetails.do?activeTab=summary&keyVal=TDKPDBJBKEB00,2026-05-01T22:37:29.758023
E60000071_TDKPCIJBKE900,E60000071,Leeds,Demolition of existing first-floor balcony and single-storey extension to rear; construction of sing,,Invershin 52 Creskeld Lane Bramhope Leeds LS16 9ES,LS16 9ES,,,,,,,,https://publicaccess.leeds.gov.uk/online-applications,https://publicaccess.leeds.gov.uk/online-applications/applicationDetails.do?activeTab=summary&keyVal=TDKPCIJBKE900,2026-05-01T22:37:28.688669
E60000071_TDKPB7JBKE700,E60000071,Leeds,"Consent, agreement or approval required by conditions 3 (statement of construction practice), 5 (gro",,Land To Rear Of Ledston Luck Cottages Ledston Luck Leeds LS25 7BX,LS25 7BX,,FU,,,,53.770876,-1.348022,https://publicaccess.leeds.gov.uk/online-applications,https://publicaccess.leeds.gov.uk/online-applications/applicationDetails.do?activeTab=summary&keyVal=TDKPB7JBKE700,2026-05-01T22:37:22.691815
E60000071_TDLB5IJBKL200,E60000071,Leeds,"Additions to front including planters fixed to existing railings, canvas covers to existing parasol ",,Bills Restaurant 1 Albion Place Leeds LS1 6JL,LS1 6JL,,,,,,53.797992,-1.544559,https://publicaccess.leeds.gov.uk/online-applications,https://publicaccess.leeds.gov.uk/online-applications/applicationDetails.do?activeTab=summary&keyVal=TDLB5IJBKL200,2026-05-01T22:37:21.566189
E60000071_TDKUS9JBKHO00,E60000071,Leeds,Change of use from dwelling (Class C3) to an office (Class E/Sui Generis),,11B Town Street Rawdon Leeds LS19 6PU,LS19 6PU,,,,,,53.849807,-1.671287,https://publicaccess.leeds.gov.uk/online-applications,https://publicaccess.leeds.gov.uk/online-applications/applicationDetails.do?activeTab=summary&keyVal=TDKUS9JBKHO00,2026-05-01T22:37:20.540358
E60000071_TDKUROJBKHM00,E60000071,Leeds,"Development of a drive-thru restaurant (Use Class E/sui generis) with accosiated access, servicing, ",,Town Street Stanningley Pudsey,,,,,,,,,https://publicaccess.leeds.gov.uk/online-applications,https://publicaccess.leeds.gov.uk/online-applications/applicationDetails.do?activeTab=summary&keyVal=TDKUROJBKHM00,2026-05-01T22:37:19.314242
E60000071_TDLB6YJBKL600,E60000071,Leeds,"Consent agreement or approval required by conditions 3 (schedule of building fabric repair), 4 (mate",,121 Stonegate Road Meanwood Leeds LS6 4PQ,LS6 4PQ,,FU,,,,53.835573,-1.557235,https://publicaccess.leeds.gov.uk/online-applications,https://publicaccess.leeds.gov.uk/online-applications/applicationDetails.do?activeTab=summary&keyVal=TDLB6YJBKL600,2026-05-01T22:37:19.313513
E60000071_TDKUSVJBKHQ00,E60000071,Leeds,Two storey side extension and extension of front hardstanding.,,11 Glebe Field Garth Wetherby LS22 6WH,LS22 6WH,,,,,,53.933868,-1.398553,https://publicaccess.leeds.gov.uk/online-applications,https://publicaccess.leeds.gov.uk/online-applications/applicationDetails.do?activeTab=summary&keyVal=TDKUSVJBKHQ00,2026-05-01T22:37:18.383846
E60000071_TDMQ0HJB0C000,E60000071,Leeds,"Replacement windows and doors to front, sides, and rear",,27 Leeds Road Otley LS21 3BD,LS21 3BD,,,,,,53.900849,-1.684827,https://publicaccess.leeds.gov.uk/online-applications,https://publicaccess.leeds.gov.uk/online-applications/applicationDetails.do?activeTab=summary&keyVal=TDMQ0HJB0C000,2026-05-01T22:37:17.372583
E60000071_TDMJW8JBKOZ00,E60000071,Leeds,"Erection of one freestanding, internally illuminated digital advertisement",,Land At Lower Wortley Ring Road Leeds LS12 6AE,LS12 6AE,,,,,,53.780044,-1.592403,https://publicaccess.leeds.gov.uk/online-applications,https://publicaccess.leeds.gov.uk/online-applications/applicationDetails.do?activeTab=summary&keyVal=TDMJW8JBKOZ00,2026-05-01T22:37:16.445189
E60000071_TDMULIJBKSS00,E60000071,Leeds,"Erection of 82 affordable dwellings, two new vehicular access points, associated open space and infr",,Former Site Of Hough Top Court Hough Top Swinnow Leeds,,,,,,,,,https://publicaccess.leeds.gov.uk/online-applications,https://publicaccess.leeds.gov.uk/online-applications/applicationDetails.do?activeTab=summary&keyVal=TDMULIJBKSS00,2026-05-01T22:37:11.223606
E60000071_TDN5Q3JBKW500,E60000071,Leeds,Certificate of Proposed Lawful Development for installation of an air-conditioning unit to the front,,Signhealth 17-19 Brudenell Road Headingley Leeds LS6 1HA,LS6 1HA,,,,,,53.812708,-1.567089,https://publicaccess.leeds.gov.uk/online-applications,https://publicaccess.leeds.gov.uk/online-applications/applicationDetails.do?activeTab=summary&keyVal=TDN5Q3JBKW500,2026-05-01T22:37:11.222841
E60000071_TDMP1IJBKRN00,E60000071,Leeds,Single storey extension to rear,,Greenlands 3 Manor Farm Court Guiseley Leeds LS20 9PH,LS20 9PH,,,,,,53.877154,-1.704824,https://publicaccess.leeds.gov.uk/online-applications,https://publicaccess.leeds.gov.uk/online-applications/applicationDetails.do?activeTab=summary&keyVal=TDMP1IJBKRN00,2026-05-01T22:37:10.105297
E60000071_TDMJULJBKOU00,E60000071,Leeds,Development of a 60MW Battery Energy Storage System comprising battery skids with self-contained bat,,Storage Land Adjacent 4 Redcote Lane Burley Leeds LS4 2AL,LS4 2AL,,,,,,53.804068,-1.592018,https://publicaccess.leeds.gov.uk/online-applications,https://publicaccess.leeds.gov.uk/online-applications/applicationDetails.do?activeTab=summary&keyVal=TDMJULJBKOU00,2026-05-01T22:37:08.970024
E60000071_TDMP1VJBKRQ00,E60000071,Leeds,Certificate of Proposed Lawful Development for a detached outbuilding to the side,,6 Mill Green Place Swarcliffe Leeds LS14 5JX,LS14 5JX,,,,,,53.819847,-1.453228,https://publicaccess.leeds.gov.uk/online-applications,https://publicaccess.leeds.gov.uk/online-applications/applicationDetails.do?activeTab=summary&keyVal=TDMP1VJBKRQ00,2026-05-01T22:37:07.944955
E60000071_TDMJV8JBKOW00,E60000071,Leeds,Creation of a new agricultural access to serve arable land off Wakefield Road,,Agricultural Land Off Wakefield Road (A642) Wakefield Road Oulton Leeds,,,,,,,,,https://publicaccess.leeds.gov.uk/online-applications,https://publicaccess.leeds.gov.uk/online-applications/applicationDetails.do?activeTab=summary&keyVal=TDMJV8JBKOW00,2026-05-01T22:37:06.923015
E60000071_TDMJXUJBKP300,E60000071,Leeds,Single storey front extension,,11 Kingsway Halton Leeds LS15 7BU,LS15 7BU,,,,,,53.798159,-1.453298,https://publicaccess.leeds.gov.uk/online-applications,https://publicaccess.leeds.gov.uk/online-applications/applicationDetails.do?activeTab=summary&keyVal=TDMJXUJBKP300,2026-05-01T22:37:06.922263
E60000071_TDMK1KJBKP900,E60000071,Leeds,Single storey side and rear extension and timber cladding to front; demolition of existing rear exte,,14 Green View Meanwood Leeds LS6 4JY,LS6 4JY,,,,,,53.829579,-1.569832,https://publicaccess.leeds.gov.uk/online-applications,https://publicaccess.leeds.gov.uk/online-applications/applicationDetails.do?activeTab=summary&keyVal=TDMK1KJBKP900,2026-05-01T22:37:05.925649
E60000071_TDN0VLJBKUV00,E60000071,Leeds,T1 Holly - Remove due to poor condition / limited life expectancy & replace with 1x Heavy Standard S,,4 Glendower Park Adel Leeds LS16 8HA,LS16 8HA,,,,,,53.844849,-1.57992,https://publicaccess.leeds.gov.uk/online-applications,https://publicaccess.leeds.gov.uk/online-applications/applicationDetails.do?activeTab=summary&keyVal=TDN0VLJBKUV00,2026-05-01T22:37:05.824542
E60000071_TDN5PNJBKW300,E60000071,Leeds,"Consent, agreement or approval required by condition 10 (Archaeological Recording) of Planning Appli",,Thorpe Park Business Park 1200 Century Way Leeds LS15 8ZA,LS15 8ZA,,FU,,,,53.794805,-1.429857,https://publicaccess.leeds.gov.uk/online-applications,https://publicaccess.leeds.gov.uk/online-applications/applicationDetails.do?activeTab=summary&keyVal=TDN5PNJBKW300,2026-05-01T22:37:05.723551
E60000071_TDN0W6JBKUX00,E60000071,Leeds,T2 Yew - Reduce the western section of canopy overhanging the subject property garden by up to 3m. C,,20 Glendower Park Adel Leeds LS16 8HA,LS16 8HA,,,,,,53.844849,-1.57992,https://publicaccess.leeds.gov.uk/online-applications,https://publicaccess.leeds.gov.uk/online-applications/applicationDetails.do?activeTab=summary&keyVal=TDN0W6JBKUX00,2026-05-01T22:37:02.372998
E60000071_TDN0NSJB0C000,E60000071,Leeds,"Consent, agreement or approval required by condition 4 (Protection Trees/Hedges/Bushes) of Planning ",,The Gate House Ling Lane Scarcroft Leeds LS14 3HY,LS14 3HY,,FU,,,,53.865979,-1.460429,https://publicaccess.leeds.gov.uk/online-applications,https://publicaccess.leeds.gov.uk/online-applications/applicationDetails.do?activeTab=summary&keyVal=TDN0NSJB0C000,2026-05-01T22:37:00.986820
E60000071_TDN0V2JBKUT00,E60000071,Leeds,"Red Maple, Sycamore: Fell.",,17 Cottage Road Headingley Leeds LS6 4DD,LS6 4DD,,,,,,53.827191,-1.580886,https://publicaccess.leeds.gov.uk/online-applications,https://publicaccess.leeds.gov.uk/online-applications/applicationDetails.do?activeTab=summary&keyVal=TDN0V2JBKUT00,2026-05-01T22:37:00.055602
E60000071_TDN0UTJBKUQ00,E60000071,Leeds,Conversion and extension of detached garage to the rear,,58 Wood Grove Farnley Leeds LS12 5NN,LS12 5NN,,,,,,53.795387,-1.62881,https://publicaccess.leeds.gov.uk/online-applications,https://publicaccess.leeds.gov.uk/online-applications/applicationDetails.do?activeTab=summary&keyVal=TDN0UTJBKUQ00,2026-05-01T22:36:59.108766
E60000071_TDMK12JBKP700,E60000071,Leeds,"Certificate of Proposed Lawful Development for an extension to the gable, dormer window to the rear ",,14 Green View Meanwood Leeds LS6 4JY,LS6 4JY,,,,,,53.829579,-1.569832,https://publicaccess.leeds.gov.uk/online-applications,https://publicaccess.leeds.gov.uk/online-applications/applicationDetails.do?activeTab=summary&keyVal=TDMK12JBKP700,2026-05-01T22:36:58.143952
E60000071_TDMUN5JBKSV00,E60000071,Leeds,"Loft conversion including dormer window, including french doors and balcony to the rear and roofligh",,27 Wadlands Rise Farsley Pudsey LS28 5JF,LS28 5JF,,,,,,53.814964,-1.675645,https://publicaccess.leeds.gov.uk/online-applications,https://publicaccess.leeds.gov.uk/online-applications/applicationDetails.do?activeTab=summary&keyVal=TDMUN5JBKSV00,2026-05-01T22:36:57.194724
E60000071_TDS4E1JBLGT00,E60000071,Leeds,Certificate of Proposed Lawful Development for a detached outbuilding to the rear,,43 Montagu Place Roundhay Leeds LS8 2RQ,LS8 2RQ,,,,,,53.822966,-1.500705,https://publicaccess.leeds.gov.uk/online-applications,https://publicaccess.leeds.gov.uk/online-applications/applicationDetails.do?activeTab=summary&keyVal=TDS4E1JBLGT00,2026-05-01T22:36:56.069820
E60000071_TDS4CXJBLGM00,E60000071,Leeds,Demolition of rear extension; construction of single storey side and rear extension; roof alteration,,9 Manor Gardens Pool In Wharfedale Otley LS21 1NB,LS21 1NB,,,,,,53.903249,-1.631205,https://publicaccess.leeds.gov.uk/online-applications,https://publicaccess.leeds.gov.uk/online-applications/applicationDetails.do?activeTab=summary&keyVal=TDS4CXJBLGM00,2026-05-01T22:36:55.042420
E60000071_TDS4C2JBLGI00,E60000071,Leeds,Certificate of Existing Lawful Development for a replacement roof.,,58 Troy Road Morley Leeds LS27 8JE,LS27 8JE,,,,,,53.748532,-1.598045,https://publicaccess.leeds.gov.uk/online-applications,https://publicaccess.leeds.gov.uk/online-applications/applicationDetails.do?activeTab=summary&keyVal=TDS4C2JBLGI00,2026-05-01T22:36:54.941075
E60000071_TDS48YJBLGB00,E60000071,Leeds,Internally illuminated and non illuminated fascia signs,,Unit 17 The Springs Thorpe Park View Austhorpe Leeds LS15 8GH,LS15 8GH,,,,,,53.80026,-1.425744,https://publicaccess.leeds.gov.uk/online-applications,https://publicaccess.leeds.gov.uk/online-applications/applicationDetails.do?activeTab=summary&keyVal=TDS48YJBLGB00,2026-05-01T22:36:53.939524
E60000071_TDS48WJBLGA00,E60000071,Leeds,"Fit out of existing unit for use as cafe, including addition of extraction plant and external seatin",,Unit 17 The Springs Thorpe Park View Austhorpe Leeds LS15 8GH,LS15 8GH,,,,,,53.80026,-1.425744,https://publicaccess.leeds.gov.uk/online-applications,https://publicaccess.leeds.gov.uk/online-applications/applicationDetails.do?activeTab=summary&keyVal=TDS48WJBLGA00,2026-05-01T22:36:51.375432
E60000071_TDSKBZJBLKQ00,E60000071,Leeds,Alterations to four windows to the mark lane elevation at fourth floor level to replace the top row ,,Broad Gate The Headrow Leeds LS1 8EQ,LS1 8EQ,,,,,,53.799626,-1.544192,https://publicaccess.leeds.gov.uk/online-applications,https://publicaccess.leeds.gov.uk/online-applications/applicationDetails.do?activeTab=summary&keyVal=TDSKBZJBLKQ00,2026-05-01T22:36:50.436814
E60000071_TDSKC7JBLKS00,E60000071,Leeds,T1 Conifer: Small previously reduced tree currently 6m to reduce in height to 4m T2 Beech: Small pre,,Bramston Apperley Lane Rawdon Leeds BD10 0PH,BD10 0PH,,,,,,53.846284,-1.698901,https://publicaccess.leeds.gov.uk/online-applications,https://publicaccess.leeds.gov.uk/online-applications/applicationDetails.do?activeTab=summary&keyVal=TDSKC7JBLKS00,2026-05-01T22:36:49.454567
E60000071_TDS455JBLFZ00,E60000071,Leeds,T1 - Willow (within G1 group) Prune branches overhanging the applicants property back to the boundar,,Oakwood House 14 Oakwood Grange Lane Roundhay Leeds LS8 2PF,LS8 2PF,,,,,,53.824902,-1.497355,https://publicaccess.leeds.gov.uk/online-applications,https://publicaccess.leeds.gov.uk/online-applications/applicationDetails.do?activeTab=summary&keyVal=TDS455JBLFZ00,2026-05-01T22:36:48.503578
E60000071_TDS49KJBLGE00,E60000071,Leeds,Certificate of Existing Lawful Development for Use of a stable block to the rear,,731 Whitehall Road Leeds LS12 6JL,LS12 6JL,,,,,,53.769707,-1.63421,https://publicaccess.leeds.gov.uk/online-applications,https://publicaccess.leeds.gov.uk/online-applications/applicationDetails.do?activeTab=summary&keyVal=TDS49KJBLGE00,2026-05-01T22:36:47.567676
E60000071_TDS45OJBLG100,E60000071,Leeds,Dormer window to rear roof slope; rooflight to front roof slope; single storey side and rear extensi,,73 Broadgate Lane Horsforth Leeds LS18 5AB,LS18 5AB,,,,,,53.839202,-1.631082,https://publicaccess.leeds.gov.uk/online-applications,https://publicaccess.leeds.gov.uk/online-applications/applicationDetails.do?activeTab=summary&keyVal=TDS45OJBLG100,2026-05-01T22:36:46.543209
E60000071_TDSF1DJB33M00,E60000071,Leeds,T1 Chestnut: To remove 3 lower limbs with cavities and well overgrown. Reasons. Potentially dangerou,,Lane End House Church Lane Adel Leeds LS16 8DE,LS16 8DE,,,,,,53.855552,-1.587232,https://publicaccess.leeds.gov.uk/online-applications,https://publicaccess.leeds.gov.uk/online-applications/applicationDetails.do?activeTab=summary&keyVal=TDSF1DJB33M00,2026-05-01T22:36:45.560734
E60000071_TDSEOMJBLJI00,E60000071,Leeds,Addition of two dormer windows front; replacement of windows to ground floor with three double doors,,New Barn House Hall Mews Boston Spa Wetherby LS23 6DT,LS23 6DT,,,,,,53.902386,-1.34397,https://publicaccess.leeds.gov.uk/online-applications,https://publicaccess.leeds.gov.uk/online-applications/applicationDetails.do?activeTab=summary&keyVal=TDSEOMJBLJI00,2026-05-01T22:36:44.633091
E60000071_TDSKBQJBLKO00,E60000071,Leeds,Certificate of Existing Lawful Development for Use as a house in multiple occupation.,,7 Newport Road Headingley Leeds LS6 3BZ,LS6 3BZ,,,,,,53.81379,-1.578255,https://publicaccess.leeds.gov.uk/online-applications,https://publicaccess.leeds.gov.uk/online-applications/applicationDetails.do?activeTab=summary&keyVal=TDSKBQJBLKO00,2026-05-01T22:36:43.678801
E60000071_TDSEMQJBLJD00,E60000071,Leeds,"Consent, agreement or approval required by conditions 3 (Render), 5 (Boundaries), 6 (Window/Door Mat",,17 Fulneck Pudsey LS28 8NT,LS28 8NT,,FU,,,,53.78414,-1.664272,https://publicaccess.leeds.gov.uk/online-applications,https://publicaccess.leeds.gov.uk/online-applications/applicationDetails.do?activeTab=summary&keyVal=TDSEMQJBLJD00,2026-05-01T22:36:42.678961
E60000071_TDS4F0JBLGX00,E60000071,Leeds,"Consent, agreement or approval required by condition 4 (Window and Door Details) of Planning Applica",,Woodlands View Farm 37 Westroyd Crescent Pudsey LS28 8JF,LS28 8JF,,FU,,,,53.788428,-1.67767,https://publicaccess.leeds.gov.uk/online-applications,https://publicaccess.leeds.gov.uk/online-applications/applicationDetails.do?activeTab=summary&keyVal=TDS4F0JBLGX00,2026-05-01T22:36:39.273766
E60000071_TDSPS4JBLLU00,E60000071,Leeds,Change of use of first floor to cafe and bar (sui generis) in line with previous approval 25/06627/F,,194B - 194C New Road Side Horsforth Leeds LS18 4DP,LS18 4DP,,FU,,,,53.832821,-1.646379,https://publicaccess.leeds.gov.uk/online-applications,https://publicaccess.leeds.gov.uk/online-applications/applicationDetails.do?activeTab=summary&keyVal=TDSPS4JBLLU00,2026-05-01T22:36:38.268128
E60000071_TDS47DJBLG800,E60000071,Leeds,Change of Use from industrial / warehouse / storage use to an indoor cheerleading / sport / fitness ,,Royds Farm Road Holbeck Leeds LS12 6DX,LS12 6DX,,,,,,53.773544,-1.586882,https://publicaccess.leeds.gov.uk/online-applications,https://publicaccess.leeds.gov.uk/online-applications/applicationDetails.do?activeTab=summary&keyVal=TDS47DJBLG800,2026-05-01T22:36:37.312119
E60000071_TDTZBHJBGUR00,E60000071,Leeds,"Consent, agreement or approval required by condition 3 (Window Vinyls) of Planning Application 26/00",,121 - 129 Briggate Leeds LS1 6LX,LS1 6LX,,FU,,,,,,https://publicaccess.leeds.gov.uk/online-applications,https://publicaccess.leeds.gov.uk/online-applications/applicationDetails.do?activeTab=summary&keyVal=TDTZBHJBGUR00,2026-05-01T22:36:36.320688
E60000071_TDTYOHJBGUA00,E60000071,Leeds,"Refurbishment of the ground floor and facade, including changes to the entrance, ground floor reconf",,Westgate House 100 Wellington Street Leeds LS1 4LT,LS1 4LT,,,,,,53.797028,-1.556001,https://publicaccess.leeds.gov.uk/online-applications,https://publicaccess.leeds.gov.uk/online-applications/applicationDetails.do?activeTab=summary&keyVal=TDTYOHJBGUA00,2026-05-01T22:36:36.219283
E60000071_TDU9VBJBHAH00,E60000071,Leeds,"Consent, agreement or approval required by conditions 5 (Decorative Dry Store Ceiling Details) and 1",,Morley Town Hall Queen Street Morley Leeds LS27 9DY,LS27 9DY,,LI,,,,53.745778,-1.602135,https://publicaccess.leeds.gov.uk/online-applications,https://publicaccess.leeds.gov.uk/online-applications/applicationDetails.do?activeTab=summary&keyVal=TDU9VBJBHAH00,2026-05-01T22:36:35.274098
E60000071_TDU9TUJBHAD00,E60000071,Leeds,Variation of condition 2 (Approved Plans) to previously approved Planning Application 26/00853/FU (P,,46 Alderton Bank Moortown Leeds LS17 5LG,LS17 5LG,,,,,,53.844814,-1.562397,https://publicaccess.leeds.gov.uk/online-applications,https://publicaccess.leeds.gov.uk/online-applications/applicationDetails.do?activeTab=summary&keyVal=TDU9TUJBHAD00,2026-05-01T22:36:34.327881
E60000071_TDU9EWJB0C000,E60000071,Leeds,Partial demolition of existing side extension; construction of single-storey extension to side and r,,15 Stone Brig Lane Rothwell Leeds LS26 0UD,LS26 0UD,,,,,,53.747208,-1.486226,https://publicaccess.leeds.gov.uk/online-applications,https://publicaccess.leeds.gov.uk/online-applications/applicationDetails.do?activeTab=summary&keyVal=TDU9EWJB0C000,2026-05-01T22:36:33.335635
E60000071_TDTZG1JBGV300,E60000071,Leeds,Certificate of Existing Lawful Development for Use as a house in multiple occupation,,25 Richmond Avenue Headingley Leeds LS6 1BZ,LS6 1BZ,,,,,,,,https://publicaccess.leeds.gov.uk/online-applications,https://publicaccess.leeds.gov.uk/online-applications/applicationDetails.do?activeTab=summary&keyVal=TDTZG1JBGV300,2026-05-01T22:36:32.305417
E60000071_TDULNDJB33M00,E60000071,Leeds,Permission is request to reduce the height of the Cypress trees(Mostly Leyland) from approx. 4 metre,,Arbour House Oak Ridge Wetherby LS22 6GT,LS22 6GT,,,,,,53.930094,-1.400481,https://publicaccess.leeds.gov.uk/online-applications,https://publicaccess.leeds.gov.uk/online-applications/applicationDetails.do?activeTab=summary&keyVal=TDULNDJB33M00,2026-05-01T22:36:26.405844
E60000071_TDTZF4JBGV100,E60000071,Leeds,Certificate of Existing Lawful Development for Use as a house in multiple occupation,,25 Manor Terrace Headingley Leeds LS6 1BU,LS6 1BU,,,,,,53.816888,-1.572437,https://publicaccess.leeds.gov.uk/online-applications,https://publicaccess.leeds.gov.uk/online-applications/applicationDetails.do?activeTab=summary&keyVal=TDTZF4JBGV100,2026-05-01T22:36:22.907024
E60000071_TDTZEBJBGUZ00,E60000071,Leeds,T1 Holly: Remove to ground level. The Holly is growing in the corner of the front garden. The applic,,6 Hawksworth Lane Guiseley Leeds LS20 8HA,LS20 8HA,,,,,,53.868118,-1.726359,https://publicaccess.leeds.gov.uk/online-applications,https://publicaccess.leeds.gov.uk/online-applications/applicationDetails.do?activeTab=summary&keyVal=TDTZEBJBGUZ00,2026-05-01T22:36:21.988483
E60000071_TBMJT0JBIV400,E60000071,Leeds,T1- Common Cherry - 3 metre canopy reduction N S E W T2- Purple Plum - 2 metre canopy reduction N S ,,31 Penlands Crescent Colton Leeds LS15 9DQ,LS15 9DQ,,,,,,53.794989,-1.442135,https://publicaccess.leeds.gov.uk/online-applications,https://publicaccess.leeds.gov.uk/online-applications/applicationDetails.do?activeTab=summary&keyVal=TBMJT0JBIV400,2026-05-01T22:36:21.046742
E60000071_TDUKFMJBHCP00,E60000071,Leeds,"Consent, agreement or approval required by condition 41 (Extract Ventilation) of Planning Applicatio",,Land Between Barrowby Lane And Manston Lane Thorpe Park Leeds LS15 8ZB,LS15 8ZB,,FU,,,,53.796838,-1.426444,https://publicaccess.leeds.gov.uk/online-applications,https://publicaccess.leeds.gov.uk/online-applications/applicationDetails.do?activeTab=summary&keyVal=TDUKFMJBHCP00,2026-05-01T22:36:19.653060
E60000071_TDUKGBJBHCR00,E60000071,Leeds,Single-storey side and rear extension,,34 Henconner Lane Chapel Allerton Leeds LS7 3NX,LS7 3NX,,,,,,53.827096,-1.540248,https://publicaccess.leeds.gov.uk/online-applications,https://publicaccess.leeds.gov.uk/online-applications/applicationDetails.do?activeTab=summary&keyVal=TDUKGBJBHCR00,2026-05-01T22:36:18.690605
E60000071_TDUF4GJBHBN00,E60000071,Leeds,"Consent, agreement or approval required by condition 4 (Disabled Parking) of Planning Application 25",,Apartment 1 31 Street Lane Roundhay Leeds LS8 1BW,LS8 1BW,,FU,,,,53.842733,-1.505684,https://publicaccess.leeds.gov.uk/online-applications,https://publicaccess.leeds.gov.uk/online-applications/applicationDetails.do?activeTab=summary&keyVal=TDUF4GJBHBN00,2026-05-01T22:36:17.667980
E60000071_TDU3SQJBH8P00,E60000071,Leeds,"Removal of conservatory and chimney to rear and construction of part two storey, part single storey ",,6 Parklands Crescent Bramhope Leeds LS16 9AQ,LS16 9AQ,,,,,,53.883782,-1.619936,https://publicaccess.leeds.gov.uk/online-applications,https://publicaccess.leeds.gov.uk/online-applications/applicationDetails.do?activeTab=summary&keyVal=TDU3SQJBH8P00,2026-05-01T22:36:16.149769
E60000071_TDUF64JBHBR00,E60000071,Leeds,Listed building application for external and internal (basement level) works associated with the fit,,The Lodge Gledhow Wood Road Gledhow Leeds LS8 4DG,LS8 4DG,,,,,,53.825563,-1.515957,https://publicaccess.leeds.gov.uk/online-applications,https://publicaccess.leeds.gov.uk/online-applications/applicationDetails.do?activeTab=summary&keyVal=TDUF64JBHBR00,2026-05-01T22:36:15.215273
E60000071_TDUF45JBHBL00,E60000071,Leeds,The affected trees are within a woodland group. Please refer to 5. Tree Count Wetstone Plantation Ho,,Westtone Plantation Brownberrie Lane Horsforth Leeds LS18 5HE,LS18 5HE,,,,,,53.850523,-1.645014,https://publicaccess.leeds.gov.uk/online-applications,https://publicaccess.leeds.gov.uk/online-applications/applicationDetails.do?activeTab=summary&keyVal=TDUF45JBHBL00,2026-05-01T22:36:14.154956
E60000071_TDTYYWJBGUJ00,E60000071,Leeds,Construction of two detached bungalows; detached garage block and associated landscaping NON MATERIA,,Woodview Hall Park Road Walton Wetherby LS23 7DQ,LS23 7DQ,,,,,,53.925333,-1.324773,https://publicaccess.leeds.gov.uk/online-applications,https://publicaccess.leeds.gov.uk/online-applications/applicationDetails.do?activeTab=summary&keyVal=TDTYYWJBGUJ00,2026-05-01T22:36:13.197626
E60000071_TDU9T7JBHAA00,E60000071,Leeds,"Consent, agreement or approval of condition 11 (Construction management plan), 29 (Accessible homes)",,Street Record College Drive Horsforth Leeds LS18 4DZ,LS18 4DZ,,FU,,,,53.83412,-1.651094,https://publicaccess.leeds.gov.uk/online-applications,https://publicaccess.leeds.gov.uk/online-applications/applicationDetails.do?activeTab=summary&keyVal=TDU9T7JBHAA00,2026-05-01T22:36:09.681675
E60000071_TDUKGUJBHCT00,E60000071,Leeds,"Demolition of shed part single storey front, part two storey and single storey side extension; singl",,45 Fieldhead Road Guiseley Leeds LS20 8DT,LS20 8DT,,,,,,53.870524,-1.717432,https://publicaccess.leeds.gov.uk/online-applications,https://publicaccess.leeds.gov.uk/online-applications/applicationDetails.do?activeTab=summary&keyVal=TDUKGUJBHCT00,2026-05-01T22:36:08.668823
E60000071_TDTZDJJBGUW00,E60000071,Leeds,"Consent, agreement or approval required by condition 3 (Window Vinyls) of Planning Application 26/00",,121 - 129 Briggate Leeds LS1 6LX,LS1 6LX,,LI,,,,,,https://publicaccess.leeds.gov.uk/online-applications,https://publicaccess.leeds.gov.uk/online-applications/applicationDetails.do?activeTab=summary&keyVal=TDTZDJJBGUW00,2026-05-01T22:36:07.624883
E60000071_TDUK7DJB2O200,E60000071,Leeds,Application under S106A for the modification or discharge of Planning Obligations pursuant to Sectio,,Land At Capitol Park Topcliffe Lane Morley Leeds,,,,,,,,,https://publicaccess.leeds.gov.uk/online-applications,https://publicaccess.leeds.gov.uk/online-applications/applicationDetails.do?activeTab=summary&keyVal=TDUK7DJB2O200,2026-05-01T22:36:06.611979
E60000071_TDTZ88JBGUN00,E60000071,Leeds,Demolition of the existing buildings and construction of a new building for residential use (Use Cla,,300 Otley Road Adel Leeds LS16 6RG,LS16 6RG,,,,,,53.839719,-1.593572,https://publicaccess.leeds.gov.uk/online-applications,https://publicaccess.leeds.gov.uk/online-applications/applicationDetails.do?activeTab=summary&keyVal=TDTZ88JBGUN00,2026-05-01T22:36:06.611221
E60000071_TDW4GOJBHIU00,E60000071,Leeds,"T1 Eucalyptus: Fell, growing fairly close to the property along the southern boundary.",,7 North Grange Road Headingley Leeds LS6 2BR,LS6 2BR,,,,,,53.818849,-1.5678,https://publicaccess.leeds.gov.uk/online-applications,https://publicaccess.leeds.gov.uk/online-applications/applicationDetails.do?activeTab=summary&keyVal=TDW4GOJBHIU00,2026-05-01T22:36:05.597760
E60000071_TDWF6JJBHLE00,E60000071,Leeds,"Certificate of Existing Lawful Development for erection of a boundary wall, fence and gates around t",,17 Coldcotes Circus Gipton Leeds LS9 6SA,LS9 6SA,,,,,,53.810058,-1.494054,https://publicaccess.leeds.gov.uk/online-applications,https://publicaccess.leeds.gov.uk/online-applications/applicationDetails.do?activeTab=summary&keyVal=TDWF6JJBHLE00,2026-05-01T22:36:04.662270
E60000071_TDWFB2JBHLP00,E60000071,Leeds,T1 T2 T3 Ash: Remove (see application form for justification).,,1 Bentcliffe Drive Moor Allerton Leeds LS17 6QX,LS17 6QX,,,,,,53.843095,-1.526303,https://publicaccess.leeds.gov.uk/online-applications,https://publicaccess.leeds.gov.uk/online-applications/applicationDetails.do?activeTab=summary&keyVal=TDWFB2JBHLP00,2026-05-01T22:36:03.660205
E60000071_TDW5RZJB14E00,E60000071,Leeds,T1 Sycamore: Remove.,,35 Cromer Terrace Woodhouse Leeds LS2 9JU,LS2 9JU,,,,,,53.806768,-1.55769,https://publicaccess.leeds.gov.uk/online-applications,https://publicaccess.leeds.gov.uk/online-applications/applicationDetails.do?activeTab=summary&keyVal=TDW5RZJB14E00,2026-05-01T22:36:02.615076
E60000071_TDWF7YJBHLK00,E60000071,Leeds,"Pitched roof single storey rear extension incorporating four rooflight windows, with alterations to ",,26 Tredgold Crescent Bramhope Leeds LS16 9BR,LS16 9BR,,,,,,53.881918,-1.615815,https://publicaccess.leeds.gov.uk/online-applications,https://publicaccess.leeds.gov.uk/online-applications/applicationDetails.do?activeTab=summary&keyVal=TDWF7YJBHLK00,2026-05-01T22:36:01.678832
E60000071_TDWF7QJBHLI00,E60000071,Leeds,"Consent, agreement or approval required by condition 28 (Basic Protection of Trees/Hedges/Bushes) of",,Former Allotments Off Bruntcliffe Road Morley Leeds LS27 0QQ,LS27 0QQ,,FU,,,,53.737799,-1.61402,https://publicaccess.leeds.gov.uk/online-applications,https://publicaccess.leeds.gov.uk/online-applications/applicationDetails.do?activeTab=summary&keyVal=TDWF7QJBHLI00,2026-05-01T22:35:58.304303
E60000071_TDW1FUJB2O200,E60000071,Leeds,"6.0m single storey rear extension, 4.0m to ridge height and 3.00m to eaves",,11 Upland Grove Gipton Leeds LS8 2SX,LS8 2SX,,,,,,53.819951,-1.510766,https://publicaccess.leeds.gov.uk/online-applications,https://publicaccess.leeds.gov.uk/online-applications/applicationDetails.do?activeTab=summary&keyVal=TDW1FUJB2O200,2026-05-01T22:35:57.344503
E60000071_TDVZTVJB0C000,E60000071,Leeds,"Certificate of Proposed Lawful Development for an extension to the gable, dormer window to the rear ",,11 Upland Grove Gipton Leeds LS8 2SX,LS8 2SX,,,,,,53.819951,-1.510766,https://publicaccess.leeds.gov.uk/online-applications,https://publicaccess.leeds.gov.uk/online-applications/applicationDetails.do?activeTab=summary&keyVal=TDVZTVJB0C000,2026-05-01T22:35:57.243585
E60000071_TDVSYHJBHEY00,E60000071,Leeds,"Certificate of Proposed Lawful Development for an extension to the gable, dormer window to the rear ",,5 Carr Manor Crescent Moortown Leeds LS17 5DD,LS17 5DD,,,,,,53.836739,-1.551737,https://publicaccess.leeds.gov.uk/online-applications,https://publicaccess.leeds.gov.uk/online-applications/applicationDetails.do?activeTab=summary&keyVal=TDVSYHJBHEY00,2026-05-01T22:35:56.265662
E60000071_TDVYK6JBHH900,E60000071,Leeds,Certificate of Existing Lawful Development for use of the property as four self-contained dwellingho,,9 Spring Road Headingley Leeds LS6 1AD,LS6 1AD,,,,,,53.817691,-1.57568,https://publicaccess.leeds.gov.uk/online-applications,https://publicaccess.leeds.gov.uk/online-applications/applicationDetails.do?activeTab=summary&keyVal=TDVYK6JBHH900,2026-05-01T22:35:54.473259
E60000071_TDWF8YJBHLN00,E60000071,Leeds,"Please find attached report with tree works recommendations, we would like to go ahead with all work",,All Saints Church Vicarage Lane Bramham Wetherby LS23 6QG,LS23 6QG,,,,,,53.881628,-1.349679,https://publicaccess.leeds.gov.uk/online-applications,https://publicaccess.leeds.gov.uk/online-applications/applicationDetails.do?activeTab=summary&keyVal=TDWF8YJBHLN00,2026-05-01T22:35:53.530064
E60000071_TDWF6VJBHLG00,E60000071,Leeds,"Alterations to front including replacement cladding, removal of front balcony with new UPVC window a",,Bank House Orchard Drive Linton Wetherby LS22 4HP,LS22 4HP,,,,,,53.919276,-1.41038,https://publicaccess.leeds.gov.uk/online-applications,https://publicaccess.leeds.gov.uk/online-applications/applicationDetails.do?activeTab=summary&keyVal=TDWF6VJBHLG00,2026-05-01T22:35:52.581658
E60000071_TDVT2JJBHF600,E60000071,Leeds,"Certificate of Proposed Lawful Development for an extension to the gable, dormer window to the rear ",,22 St Helens Gardens Adel Leeds LS16 8BT,LS16 8BT,,,,,,53.85003,-1.583745,https://publicaccess.leeds.gov.uk/online-applications,https://publicaccess.leeds.gov.uk/online-applications/applicationDetails.do?activeTab=summary&keyVal=TDVT2JJBHF600,2026-05-01T22:35:51.454756
E60000071_TDW9L2JBHK100,E60000071,Leeds,"Consent, agreement or approval required by conditions 3 (Cycle/Motorcycle Facilities) and 5 (EV Char",,Astonish Warehouse And Distribution Centre Richardshaw Road Stanningley Pudsey LS28 6QW,LS28 6QW,,FU,,,,53.803171,-1.65914,https://publicaccess.leeds.gov.uk/online-applications,https://publicaccess.leeds.gov.uk/online-applications/applicationDetails.do?activeTab=summary&keyVal=TDW9L2JBHK100,2026-05-01T22:35:50.405121
E60000071_TDY9RPJBIUT00,E60000071,Leeds,Single storey rear extension with raised patio area and steps,,7 Ashburn Grove Wetherby LS22 6WB,LS22 6WB,,,,,,53.935517,-1.395925,https://publicaccess.leeds.gov.uk/online-applications,https://publicaccess.leeds.gov.uk/online-applications/applicationDetails.do?activeTab=summary&keyVal=TDY9RPJBIUT00,2026-05-01T22:35:49.467229
E60000071_TDY4A9JBITC00,E60000071,Leeds,T1 Scots Pine: Crown Reduction in height by up to 2m and prune lateral branches back by 1-2m to suit,,16 Fairway Guiseley Leeds LS20 8JT,LS20 8JT,,,,,,53.874816,-1.727045,https://publicaccess.leeds.gov.uk/online-applications,https://publicaccess.leeds.gov.uk/online-applications/applicationDetails.do?activeTab=summary&keyVal=TDY4A9JBITC00,2026-05-01T22:35:46.026236
E60000071_TDXO0CJBHPV00,E60000071,Leeds,Certificate of Proposed Lawful Development for a single storey rear extension,,1 Moseley Beck Walk Cookridge Leeds LS16 7FE,LS16 7FE,,,,,,53.858197,-1.629655,https://publicaccess.leeds.gov.uk/online-applications,https://publicaccess.leeds.gov.uk/online-applications/applicationDetails.do?activeTab=summary&keyVal=TDXO0CJBHPV00,2026-05-01T22:35:44.904878
E60000071_TDXYN8JBIS600,E60000071,Leeds,Hip to gable end loft extension; dormer window to rear; roof lights to front and rendering,,37 Graveleythorpe Road Whitkirk Leeds LS15 7EF,LS15 7EF,,,,,,53.802035,-1.455783,https://publicaccess.leeds.gov.uk/online-applications,https://publicaccess.leeds.gov.uk/online-applications/applicationDetails.do?activeTab=summary&keyVal=TDXYN8JBIS600,2026-05-01T22:35:43.924462
E60000071_TDXT2XJBIR100,E60000071,Leeds,"Consent, agreement or approval required by condition 26 (Disabled Parking and Electric Vehicle Charg",,Josephs Well Hanover Walk Woodhouse Leeds LS3 1AB,LS3 1AB,,FU,,,,53.801028,-1.556232,https://publicaccess.leeds.gov.uk/online-applications,https://publicaccess.leeds.gov.uk/online-applications/applicationDetails.do?activeTab=summary&keyVal=TDXT2XJBIR100,2026-05-01T22:35:42.981993
E60000071_TDY7CYJB33M00,E60000071,Leeds,G3 2 x Silver Birch: Fell.,,The Grove Sandhills Thorner Leeds LS14 3DN,LS14 3DN,,,,,,53.845368,-1.438321,https://publicaccess.leeds.gov.uk/online-applications,https://publicaccess.leeds.gov.uk/online-applications/applicationDetails.do?activeTab=summary&keyVal=TDY7CYJB33M00,2026-05-01T22:35:42.880827
E60000071_TDY9U9JBIUZ00,E60000071,Leeds,T1 Beech: The proposed work is to crown reduce on all aspects up to a maximum of 2.5m. This would le,,12 North Grove Drive Roundhay Leeds LS8 2NJ,LS8 2NJ,,,,,,53.825454,-1.491788,https://publicaccess.leeds.gov.uk/online-applications,https://publicaccess.leeds.gov.uk/online-applications/applicationDetails.do?activeTab=summary&keyVal=TDY9U9JBIUZ00,2026-05-01T22:35:41.931075
E60000071_TDXNUXJBHPJ00,E60000071,Leeds,T1 Sycamore: To be removed.Engineers structural report has been attached along with a letter from th,,4 Tall Trees Close Adel Leeds LS16 7SX,LS16 7SX,,,,,,53.858617,-1.61428,https://publicaccess.leeds.gov.uk/online-applications,https://publicaccess.leeds.gov.uk/online-applications/applicationDetails.do?activeTab=summary&keyVal=TDXNUXJBHPJ00,2026-05-01T22:35:40.700723
E60000071_TDXNTKJBHPH00,E60000071,Leeds,"Certificate of Proposed Lawful Development for an extension to the gable, dormer window to the rear ",,17 Cookridge Drive Cookridge Leeds LS16 7LS,LS16 7LS,,,,,,53.862384,-1.620342,https://publicaccess.leeds.gov.uk/online-applications,https://publicaccess.leeds.gov.uk/online-applications/applicationDetails.do?activeTab=summary&keyVal=TDXNTKJBHPH00,2026-05-01T22:35:39.678232
E60000071_TDXNVBJBHPL00,E60000071,Leeds,"Consent, agreement or approval required by condition 15 (Statement of Construction Practice) of Plan",,226 Otley Road Headingley Leeds LS16 5AB,LS16 5AB,,FU,,,,53.834513,-1.592908,https://publicaccess.leeds.gov.uk/online-applications,https://publicaccess.leeds.gov.uk/online-applications/applicationDetails.do?activeTab=summary&keyVal=TDXNVBJBHPL00,2026-05-01T22:35:39.576971
E60000071_TDXNNFJBHP700,E60000071,Leeds,T1 Sycamnore: Fell.,,112 Hawksworth Lane Guiseley Leeds LS20 8NR,LS20 8NR,,,,,,53.869525,-1.736433,https://publicaccess.leeds.gov.uk/online-applications,https://publicaccess.leeds.gov.uk/online-applications/applicationDetails.do?activeTab=summary&keyVal=TDXNNFJBHP700,2026-05-01T22:35:38.527969
E60000071_TDXT3HJBIR300,E60000071,Leeds,"Consent, agreement or approval required by condition 3 (Submission Report + Remediation Strategy) of",,Josephs Well Hanover Walk Woodhouse Leeds LS3 1AB,LS3 1AB,,FU,,,,53.801028,-1.556232,https://publicaccess.leeds.gov.uk/online-applications,https://publicaccess.leeds.gov.uk/online-applications/applicationDetails.do?activeTab=summary&keyVal=TDXT3HJBIR300,2026-05-01T22:35:35.070555
E60000071_TDY4AHJBITE00,E60000071,Leeds,"T1 Willow: Removal of one selected stem to improve overall structure, pollard remaining tree to a fi",,1 Southgate Guiseley Leeds LS20 8HQ,LS20 8HQ,,,,,,53.868709,-1.72923,https://publicaccess.leeds.gov.uk/online-applications,https://publicaccess.leeds.gov.uk/online-applications/applicationDetails.do?activeTab=summary&keyVal=TDY4AHJBITE00,2026-05-01T22:35:34.047911
E60000071_TDXNW0JBHPN00,E60000071,Leeds,"5.00m single storey rear extension, 3.13m to ridge height and 2.65m to eaves",,17 Cookridge Drive Cookridge Leeds LS16 7LS,LS16 7LS,,,,,,53.862384,-1.620342,https://publicaccess.leeds.gov.uk/online-applications,https://publicaccess.leeds.gov.uk/online-applications/applicationDetails.do?activeTab=summary&keyVal=TDXNW0JBHPN00,2026-05-01T22:35:32.919193
E60000071_TE04S7JBJ4L00,E60000071,Leeds,Variation of condition 32 (wind model) to previously approved planning application 23/07065/FU to up,,Land Off Foundry Street And Saxton Lane Leeds LS9 8HE,LS9 8HE,,,,,,53.795635,-1.530055,https://publicaccess.leeds.gov.uk/online-applications,https://publicaccess.leeds.gov.uk/online-applications/applicationDetails.do?activeTab=summary&keyVal=TE04S7JBJ4L00,2026-05-01T22:35:31.935651
E60000071_TDZYXMJBJ3100,E60000071,Leeds,T1 Sycamore: Cut back the southern overhanging the garages by approximately 2-3m from the branch tip,,10 Church Farm Garth Shadwell Leeds LS17 8HD,LS17 8HD,,,,,,53.852761,-1.475193,https://publicaccess.leeds.gov.uk/online-applications,https://publicaccess.leeds.gov.uk/online-applications/applicationDetails.do?activeTab=summary&keyVal=TDZYXMJBJ3100,2026-05-01T22:35:30.983775
E60000071_TDZI8NJBIYD00,E60000071,Leeds,Certificate of Proposed Lawful Development for a single storey rear extension,,2 Kirklees Rise Farsley Pudsey LS28 5TH,LS28 5TH,,,,,,53.817413,-1.670644,https://publicaccess.leeds.gov.uk/online-applications,https://publicaccess.leeds.gov.uk/online-applications/applicationDetails.do?activeTab=summary&keyVal=TDZI8NJBIYD00,2026-05-01T22:35:29.954668
E60000071_TDZYX3JBJ2X00,E60000071,Leeds,"T1 Eucalyptus: Reduce back to the old reduction points, approximately 2m reduction in height and spr",,2 Oakwood Mount Roundhay Leeds LS8 2JG,LS8 2JG,,,,,,53.826249,-1.503446,https://publicaccess.leeds.gov.uk/online-applications,https://publicaccess.leeds.gov.uk/online-applications/applicationDetails.do?activeTab=summary&keyVal=TDZYX3JBJ2X00,2026-05-01T22:35:29.004574
E60000071_TDZYXYJBJ3300,E60000071,Leeds,T1 Willow:Fell the storm damaged tree to ground level. Please see tree report,,26 Copper Beech Court Lawnswood Leeds LS16 6FW,LS16 6FW,,,,,,53.838176,-1.613616,https://publicaccess.leeds.gov.uk/online-applications,https://publicaccess.leeds.gov.uk/online-applications/applicationDetails.do?activeTab=summary&keyVal=TDZYXYJBJ3300,2026-05-01T22:35:28.088629
E60000071_TDZYPLJB0C000,E60000071,Leeds,Change of use of motor repair workshop to retail shop and laundrette,,80-81 Railway Street Richmond Hill Leeds LS9 8HB,LS9 8HB,,,,,,53.796339,-1.528636,https://publicaccess.leeds.gov.uk/online-applications,https://publicaccess.leeds.gov.uk/online-applications/applicationDetails.do?activeTab=summary&keyVal=TDZYPLJB0C000,2026-05-01T22:35:27.086049
E60000071_TDZYWTJBJ2V00,E60000071,Leeds,"T1 Larch: Remove the tree to ground level. T2, T3 Oak and Beech: Remove both trees to ground level.",,4 Breary Lane East Bramhope Leeds LS16 9BJ,LS16 9BJ,,,,,,53.883474,-1.610461,https://publicaccess.leeds.gov.uk/online-applications,https://publicaccess.leeds.gov.uk/online-applications/applicationDetails.do?activeTab=summary&keyVal=TDZYWTJBJ2V00,2026-05-01T22:35:26.160746
E60000071_TDZYWKJBJ2T00,E60000071,Leeds,"4.00m single storey rear extension, 3.00m to ridge height and 2.75m to eaves",,31 Acre Road Middleton Leeds LS10 4EL,LS10 4EL,,,,,,53.743946,-1.546764,https://publicaccess.leeds.gov.uk/online-applications,https://publicaccess.leeds.gov.uk/online-applications/applicationDetails.do?activeTab=summary&keyVal=TDZYWKJBJ2T00,2026-05-01T22:35:22.681802
E60000071_TDZI97JBIYF00,E60000071,Leeds,Demolition of extension and conservatory to the rear; Erection of single storey rear extension,,24 Lidgett Park Road Lidgett Park Leeds LS8 1JN,LS8 1JN,,,,,,53.837796,-1.513705,https://publicaccess.leeds.gov.uk/online-applications,https://publicaccess.leeds.gov.uk/online-applications/applicationDetails.do?activeTab=summary&keyVal=TDZI97JBIYF00,2026-05-01T22:35:21.740616
E60000071_TDZYXDJBJ2Z00,E60000071,Leeds,"G1 2 x Red Oak, 1 x London Plane: Crown lift to achieve 5m clearance from ground level and cut back ",,6 - 10 Cavendish Road Woodhouse Leeds LS2 9JT,LS2 9JT,,,,,,53.807974,-1.553334,https://publicaccess.leeds.gov.uk/online-applications,https://publicaccess.leeds.gov.uk/online-applications/applicationDetails.do?activeTab=summary&keyVal=TDZYXDJBJ2Z00,2026-05-01T22:35:20.737870
E60000071_TDZNTBJBJ0E00,E60000071,Leeds,T1 Plum: Crown reduce on all aspects by approximately 1m to leave a finishing height of 4m with a cr,,6 Grosvenor Mount Headingley Leeds LS6 2DX,LS6 2DX,,,,,,53.817419,-1.562529,https://publicaccess.leeds.gov.uk/online-applications,https://publicaccess.leeds.gov.uk/online-applications/applicationDetails.do?activeTab=summary&keyVal=TDZNTBJBJ0E00,2026-05-01T22:35:19.406748
E60000071_TE5J7KJBJUG00,E60000071,Leeds,T1 Yew - Remove the limb with a splitting union growing over the neighbours drive back to the uprigh,,The Bungalow 19 Oakwood Grove Roundhay Leeds LS8 2PA,LS8 2PA,,,,,,53.824709,-1.502766,https://publicaccess.leeds.gov.uk/online-applications,https://publicaccess.leeds.gov.uk/online-applications/applicationDetails.do?activeTab=summary&keyVal=TE5J7KJBJUG00,2026-05-01T22:35:18.404910
E60000071_TE52B6JBJPH00,E60000071,Leeds,T1 Pine: Remove. T2 Blossom: Remove. G6 x Silver Birch: Trimming the tops (shown on the attached pho,,8 Lidgett Park Road Lidgett Park Leeds LS8 1EQ,LS8 1EQ,,,,,,53.83815,-1.51016,https://publicaccess.leeds.gov.uk/online-applications,https://publicaccess.leeds.gov.uk/online-applications/applicationDetails.do?activeTab=summary&keyVal=TE52B6JBJPH00,2026-05-01T22:35:17.457160
E60000071_TE52HSJBJPW00,E60000071,Leeds,"Single storey side extension, single storey rear extension",,1 Hawthorn Avenue Pool In Wharfedale Otley LS21 1TS,LS21 1TS,,,,,,53.898976,-1.621076,https://publicaccess.leeds.gov.uk/online-applications,https://publicaccess.leeds.gov.uk/online-applications/applicationDetails.do?activeTab=summary&keyVal=TE52HSJBJPW00,2026-05-01T22:35:16.464827
E60000071_TE5OEZJBJVF00,E60000071,Leeds,"Construction of an energy centre, infrastructure to support a heat and private wire network and asso",,Land At Skelton Grange Road Aire Valley Leeds LS9 0DZ,LS9 0DZ,,,,,,53.77745,-1.48569,https://publicaccess.leeds.gov.uk/online-applications,https://publicaccess.leeds.gov.uk/online-applications/applicationDetails.do?activeTab=summary&keyVal=TE5OEZJBJVF00,2026-05-01T22:35:15.396433
E60000071_TE52KGJBJQ000,E60000071,Leeds,"6.00m single storey rear extension, 4.00m to ridge height and 3.00m to eaves",,76 Iveson Drive Lawnswood Leeds LS16 6NL,LS16 6NL,,,,,,53.846491,-1.611077,https://publicaccess.leeds.gov.uk/online-applications,https://publicaccess.leeds.gov.uk/online-applications/applicationDetails.do?activeTab=summary&keyVal=TE52KGJBJQ000,2026-05-01T22:35:14.461766
E60000071_TE6X9UJBL4D00,E60000071,Leeds,T1 Sycamore: Lift the canopy up to 5m removing 2 limbs at the bottom. T2 Sycamore: Lift the canopy t,,6 Noble Crescent Wetherby LS22 7DU,LS22 7DU,,,,,,53.934795,-1.377657,https://publicaccess.leeds.gov.uk/online-applications,https://publicaccess.leeds.gov.uk/online-applications/applicationDetails.do?activeTab=summary&keyVal=TE6X9UJBL4D00,2026-05-01T22:35:13.462792
E60000071_TE7EYTJB14E00,E60000071,Leeds,T1 Willow: To remove.,,Edmin Woodhouse And Co Ltd Room 12 Sandsgate Sunny Bank Mills 83 - 85 Town Street Farsley Pudsey LS28 5UJ,LS28 5UJ,,,,,,53.813955,-1.671734,https://publicaccess.leeds.gov.uk/online-applications,https://publicaccess.leeds.gov.uk/online-applications/applicationDetails.do?activeTab=summary&keyVal=TE7EYTJB14E00,2026-05-01T22:35:10.072957
E60000071_TE6X1HJBL3R00,E60000071,Leeds,T1 Sycamore: To be removed completely. T2 Cherry Blossom: Pollard to final height of 4.3m from groun,,1 Elm Tree Close Pudsey LS28 8BQ,LS28 8BQ,,,,,,53.792218,-1.663767,https://publicaccess.leeds.gov.uk/online-applications,https://publicaccess.leeds.gov.uk/online-applications/applicationDetails.do?activeTab=summary&keyVal=TE6X1HJBL3R00,2026-05-01T22:35:09.059549
E60000071_TE8Y2BJB14E00,E60000071,Leeds,T1 Birch: Remove to ground level. T2 Beech: Lightly cut back overhanging branches by 1m over the bou,,Spire Healthcare Ltd Spire Leeds Hospital Jackson Avenue Gledhow Leeds LS8 1NT,LS8 1NT,,,,,,53.832485,-1.513933,https://publicaccess.leeds.gov.uk/online-applications,https://publicaccess.leeds.gov.uk/online-applications/applicationDetails.do?activeTab=summary&keyVal=TE8Y2BJB14E00,2026-05-01T22:35:08.055853
E60000071_TE78ANJBLBG00,E60000071,Leeds,"Works to improve a 2.5km section of National Cycle Network route 665 including resurfacing, widening",,Wetherby Railway Path - Wetherby/Walton Road To Thorp Arch Estate Wetherby Railway Path Wetherby,,,,,,,,,https://publicaccess.leeds.gov.uk/online-applications,https://publicaccess.leeds.gov.uk/online-applications/applicationDetails.do?activeTab=summary&keyVal=TE78ANJBLBG00,2026-05-01T22:35:07.114725
E60000071_TE6X9IJBL4B00,E60000071,Leeds,T1Conifer: Remove to ground level.,,4 Tredgold Avenue Bramhope Leeds LS16 9BU,LS16 9BU,,,,,,53.88154,-1.612852,https://publicaccess.leeds.gov.uk/online-applications,https://publicaccess.leeds.gov.uk/online-applications/applicationDetails.do?activeTab=summary&keyVal=TE6X9IJBL4B00,2026-05-01T22:35:07.113945
E60000071_TE6X8FJBL4900,E60000071,Leeds,2 Leyland cypress: Fell and remove,,9 Manor Gardens Pool In Wharfedale Otley LS21 1NB,LS21 1NB,,,,,,53.903249,-1.631205,https://publicaccess.leeds.gov.uk/online-applications,https://publicaccess.leeds.gov.uk/online-applications/applicationDetails.do?activeTab=summary&keyVal=TE6X8FJBL4900,2026-05-01T22:35:06.090336
E60000071_TE6X63JBL3Z00,E60000071,Leeds,Determination of telecommunications equipment for installation of a telecommunications base station ,,Land At Kirkstall Waste Transfer Station Evanston Avenue Burley Leeds LS4 2HR,LS4 2HR,,,,,,53.805586,-1.584107,https://publicaccess.leeds.gov.uk/online-applications,https://publicaccess.leeds.gov.uk/online-applications/applicationDetails.do?activeTab=summary&keyVal=TE6X63JBL3Z00,2026-05-01T22:35:05.068960
E60000071_TE92UPJBM1I00,E60000071,Leeds,"T1, T2 Conifers: To fell due to damage caused to the boundary wall.",,Flat 1 Peasehill House 24 - 26 Harrogate Road Rawdon Leeds LS19 6HJ,LS19 6HJ,,,,,,53.854372,-1.684279,https://publicaccess.leeds.gov.uk/online-applications,https://publicaccess.leeds.gov.uk/online-applications/applicationDetails.do?activeTab=summary&keyVal=TE92UPJBM1I00,2026-05-01T22:35:04.032145
E60000071_TE8S39JBLH800,E60000071,Leeds,T1 and T4 are dead and are to be removed to ground level. T5 needs deadwood removing.,,49 Vesper Road Kirkstall Leeds LS5 3QT,LS5 3QT,,,,,,53.827342,-1.615325,https://publicaccess.leeds.gov.uk/online-applications,https://publicaccess.leeds.gov.uk/online-applications/applicationDetails.do?activeTab=summary&keyVal=TE8S39JBLH800,2026-05-01T22:35:03.019422
E60000071_TE92UEJBM1G00,E60000071,Leeds,"4.00m single storey rear extension, 3.20m to ridge height and 3.00m to eaves",,26 Haigh Gardens Rothwell Leeds LS26 0PX,LS26 0PX,,,,,,53.757274,-1.494719,https://publicaccess.leeds.gov.uk/online-applications,https://publicaccess.leeds.gov.uk/online-applications/applicationDetails.do?activeTab=summary&keyVal=TE92UEJBM1G00,2026-05-01T22:35:01.894661
